Anzeige-Name;Material;Farbe;Spektrum
HDPE - Platte (groß); HDPE; #ffff00; 0.0; 24.7; 24.73; 24.73; 24.7; 24.66; 24.57; 24.5; 24.32; 24.18; 24.04; 23.84; 23.63; 23.36; 23.07; 22.78; 22.46; 22.17; 21.9; 21.7; 21.59; 21.59; 21.76; 22.07; 22.44; 22.84; 23.21; 23.55; 23.84; 24.08; 24.28; 24.45; 24.56; 24.69; 24.77; 24.85; 24.88; 24.94; 24.99; 25.01; 25.03; 25.07; 25.07; 25.1; 25.1; 25.14; 25.12; 25.13; 25.14; 25.14; 25.16; 25.16; 25.14; 25.14; 25.14; 25.12; 25.1; 25.11; 25.07; 25.07; 25.02; 24.99; 24.94; 24.9; 24.88; 24.79; 24.77; 24.68; 24.64; 24.57; 24.49; 24.41; 24.31; 24.26; 24.25; 24.23; 24.22; 24.2; 24.17; 24.08; 24.0; 23.9; 23.81; 23.74; 23.63; 23.57; 23.48; 23.41; 23.35; 23.38; 23.42; 23.46; 23.49; 23.54; 23.58; 23.59; 23.62; 23.65; 23.71; 23.78; 23.81; 23.86; 23.88; 23.92; 23.96; 23.97; 23.97; 24.0; 23.99; 23.99; 23.96; 23.98; 24.0; 24.03; 24.02; 24.01; 24.03; 24.05; 24.07; 24.09; 24.1; 24.09; 24.12; 24.09; 24.09; 24.08; 24.05; 24.07; 24.02; 24.0; 23.98; 23.96; 23.94; 23.93; 23.91; 23.91; 23.91; 23.89; 23.89; 23.89; 23.89; 23.89; 23.86; 23.85; 23.79; 23.76; 23.7; 23.66; 23.54; 23.46; 23.31; 23.14; 22.96; 22.74; 22.52; 22.33; 22.1; 21.9; 21.68; 21.42; 21.07; 20.66; 20.08; 19.33; 18.47; 17.71; 17.4; 17.77; 18.15; 18.2; 18.07; 17.94; 17.66; 17.22; 16.74; 16.28; 15.71; 15.2; 14.94; 14.96; 15.0; 14.8; 14.38; 13.76; 13.07; 12.38; 11.77; 11.21; 10.66; 10.08; 9.52; 8.99; 8.57; 8.3; 8.13; 8.05; 7.98; 8.03; 8.3; 8.74; 9.34; 10.07; 10.81; 11.56; 12.23; 12.92; 13.55; 14.12; 14.64; 15.13; 15.56; 15.99; 16.38; 16.77; 17.11; 17.42; 17.68; 17.95; 18.2; 18.41; 18.63; 18.85; 19.02; 19.18; 19.31; 19.46; 19.61; 19.71; 19.78; 19.88; 19.98; 20.09; 20.15; 20.22; 20.28; 20.32; 20.38; 20.4; 20.41; 20.44; 20.45; 20.49; 20.53; 20.59; 20.57; 20.58; 20.6; 20.66; 20.67; 20.7; 20.73; 20.74; 20.74; 20.78; 20.84; 20.9; 20.9; 20.95; 20.99; 21.0; 21.01; 21.02; 21.03; 21.06; 21.05; 21.03; 21.03; 21.05; 21.05; 21.02; 21.0; 20.97; 20.96; 20.93; 20.89; 20.83; 20.81; 20.75; 20.7; 20.62; 20.57; 20.53; 20.42; 20.27; 20.21; 20.12; 19.99; 19.81; 19.66; 19.54; 19.34; 19.05; 18.71; 18.33; 17.95; 17.48; 16.92; 16.29; 15.66; 14.98; 14.36; 13.81; 13.31; 12.84; 12.29; 11.57; 10.59; 9.45; 8.9; 9.78; 11.21; 12.02; 12.38; 12.7; 12.7; 12.5; 12.21; 11.92; 11.77; 11.57; 10.99; 10.39; 10.29; 10.66; 10.93; 10.93; 10.83; 10.77; 10.9; 11.07; 11.23; 11.35; 11.41; 11.39; 11.34; 11.3; 11.31; 11.53; 11.83; 12.13; 12.35; 12.51; 12.62; 12.68; 12.85; 13.02; 13.16; 13.29; 13.37; 13.52; 13.61; 13.72; 13.9; 14.14; 14.39; 14.62; 14.82; 15.05; 15.3; 15.47; 15.58; 15.74; 15.84; 15.94; 16.01; 16.12; 16.21; 16.25; 16.32; 16.46; 16.57; 16.67; 16.73; 16.8; 16.88; 16.9; 16.98; 17.0; 17.06; 17.11; 17.1; 17.15; 17.13; 17.15; 17.19; 17.17; 17.15; 17.16; 17.13; 17.05; 16.96; 16.94; 16.93; 16.87; 16.83; 16.76; 16.7; 16.61; 16.49; 16.34; 16.12; 15.95; 15.87; 16.13; 16.55; 16.89; 17.13; 17.25; 17.38; 17.48; 17.49; 17.53; 17.58; 17.69; 17.76; 17.84; 17.88; 17.95; 17.98; 18.01; 18.08; 18.12; 18.17; 18.2; 18.22; 18.27; 18.29; 18.31; 18.3; 18.33; 18.31; 18.31; 18.3; 18.32; 18.31; 18.3; 18.3; 18.26; 18.27; 18.28; 18.28; 18.24; 18.2; 18.22; 18.23; 18.18; 18.18; 18.18; 18.12; 18.11; 18.14; 18.07; 18.03; 18.03; 17.99; 17.95; 17.96; 17.91; 17.88; 17.87; 17.81; 17.78; 17.78; 17.75; 17.71; 17.71; 17.69; 17.6; 17.56; 17.52; 17.49; 17.47; 17.41; 17.33; 17.25; 17.22; 17.11; 17.07; 17.04; 16.92; 16.74; 16.72; 16.57; 16.53; 16.42; 16.27; 16.22; 16.03; 15.96; 15.99; 15.78; 15.81; 15.85; 15.8; 15.97; 15.93; 15.9; 16.05; 16.13; 16.23; 16.12; 16.33; 16.45; 16.69; 16.42; 16.57; 16.22; 16.56; 16.42; 16.7; 16.45; 17.22; 17.02
PS - Platte (groß); PS; #80ff00; 0.0; 7.34; 7.34; 7.38; 7.36; 7.36; 7.4; 7.38; 7.39; 7.39; 7.41; 7.44; 7.44; 7.43; 7.43; 7.47; 7.46; 7.47; 7.48; 7.49; 7.49; 7.5; 7.52; 7.54; 7.56; 7.55; 7.56; 7.58; 7.59; 7.61; 7.61; 7.61; 7.61; 7.64; 7.65; 7.65; 7.67; 7.65; 7.68; 7.67; 7.68; 7.7; 7.7; 7.71; 7.69; 7.73; 7.71; 7.73; 7.72; 7.72; 7.74; 7.75; 7.75; 7.74; 7.75; 7.76; 7.76; 7.79; 7.78; 7.79; 7.78; 7.8; 7.8; 7.81; 7.82; 7.8; 7.82; 7.82; 7.82; 7.82; 7.82; 7.84; 7.84; 7.85; 7.85; 7.85; 7.85; 7.86; 7.86; 7.87; 7.87; 7.89; 7.88; 7.89; 7.87; 7.9; 7.9; 7.9; 7.89; 7.91; 7.9; 7.91; 7.91; 7.91; 7.91; 7.92; 7.92; 7.92; 7.92; 7.92; 7.91; 7.94; 7.94; 7.94; 7.94; 7.95; 7.95; 7.96; 7.94; 7.97; 7.95; 7.96; 7.97; 7.97; 7.98; 7.97; 7.98; 7.97; 7.98; 7.99; 7.98; 7.98; 7.99; 7.98; 7.98; 8.0; 7.98; 7.99; 7.96; 7.97; 7.95; 7.97; 7.96; 7.93; 7.92; 7.91; 7.88; 7.83; 7.8; 7.75; 7.7; 7.63; 7.54; 7.44; 7.31; 7.18; 7.01; 6.86; 6.69; 6.58; 6.48; 6.43; 6.47; 6.52; 6.63; 6.73; 6.87; 7.04; 7.19; 7.32; 7.43; 7.51; 7.58; 7.63; 7.66; 7.68; 7.72; 7.74; 7.76; 7.77; 7.76; 7.78; 7.78; 7.77; 7.75; 7.74; 7.72; 7.7; 7.68; 7.65; 7.62; 7.59; 7.6; 7.55; 7.51; 7.48; 7.47; 7.43; 7.43; 7.41; 7.39; 7.39; 7.37; 7.41; 7.43; 7.44; 7.47; 7.51; 7.56; 7.59; 7.63; 7.67; 7.69; 7.72; 7.73; 7.77; 7.79; 7.82; 7.82; 7.84; 7.84; 7.86; 7.88; 7.9; 7.91; 7.92; 7.91; 7.93; 7.94; 7.93; 7.96; 7.99; 7.98; 7.98; 7.99; 8.0; 8.01; 8.01; 8.01; 8.02; 8.02; 8.03; 8.03; 8.03; 8.05; 8.05; 8.06; 8.05; 8.04; 8.05; 8.06; 8.05; 8.05; 8.06; 8.04; 8.04; 8.02; 8.02; 8.02; 8.04; 8.04; 8.01; 8.03; 8.02; 8.04; 8.06; 8.02; 8.03; 8.03; 8.03; 8.01; 8.01; 7.99; 8.0; 7.98; 7.96; 7.98; 7.97; 7.96; 7.97; 7.96; 7.94; 7.93; 7.92; 7.9; 7.87; 7.88; 7.85; 7.85; 7.84; 7.82; 7.85; 7.83; 7.8; 7.79; 7.8; 7.78; 7.73; 7.73; 7.7; 7.69; 7.63; 7.59; 7.53; 7.48; 7.39; 7.29; 7.17; 7.05; 6.93; 6.84; 6.83; 6.84; 6.84; 6.85; 6.87; 6.9; 6.93; 6.98; 6.98; 7.05; 7.08; 7.08; 7.14; 7.16; 7.17; 7.18; 7.18; 7.17; 7.19; 7.16; 7.2; 7.2; 7.24; 7.25; 7.29; 7.31; 7.29; 7.3; 7.32; 7.3; 7.28; 7.27; 7.28; 7.26; 7.27; 7.29; 7.32; 7.33; 7.36; 7.35; 7.35; 7.38; 7.35; 7.4; 7.39; 7.39; 7.41; 7.42; 7.44; 7.44; 7.46; 7.47; 7.46; 7.45; 7.46; 7.48; 7.47; 7.5; 7.52; 7.5; 7.51; 7.52; 7.54; 7.52; 7.53; 7.54; 7.53; 7.52; 7.55; 7.56; 7.58; 7.59; 7.6; 7.61; 7.6; 7.64; 7.63; 7.64; 7.67; 7.68; 7.68; 7.67; 7.67; 7.68; 7.68; 7.69; 7.71; 7.7; 7.71; 7.7; 7.72; 7.73; 7.73; 7.75; 7.76; 7.75; 7.77; 7.77; 7.78; 7.78; 7.79; 7.8; 7.82; 7.83; 7.81; 7.84; 7.84; 7.82; 7.82; 7.81; 7.81; 7.81; 7.83; 7.83; 7.83; 7.81; 7.84; 7.85; 7.83; 7.84; 7.83; 7.83; 7.82; 7.82; 7.81; 7.81; 7.81; 7.8; 7.8; 7.79; 7.78; 7.79; 7.79; 7.76; 7.78; 7.77; 7.74; 7.74; 7.73; 7.7; 7.67; 7.65; 7.63; 7.64; 7.6; 7.58; 7.54; 7.49; 7.42; 7.4; 7.3; 7.2; 7.07; 6.93; 6.78; 6.61; 6.48; 6.42; 6.31; 6.17; 6.04; 5.97; 5.99; 6.02; 6.02; 5.96; 5.89; 5.85; 5.88; 6.0; 6.21; 6.29; 6.21; 6.15; 5.99; 5.8; 5.6; 5.42; 5.2; 5.12; 5.0; 4.96; 4.93; 4.83; 4.9; 4.92; 4.92; 4.86; 5.03; 4.96; 5.13; 5.21; 5.07; 5.25; 5.36; 5.31; 5.52; 5.59; 5.69; 5.64; 5.73; 5.97; 6.05; 6.11; 5.92; 5.92; 6.18; 6.19; 6.14; 6.37; 6.32; 6.2
PP - Platte (groß); PP; #0000ff; 0.0; 11.3; 11.33; 11.27; 11.23; 11.18; 11.13; 11.09; 11.05; 11.06; 11.11; 11.16; 11.17; 11.16; 11.17; 11.21; 11.22; 11.26; 11.27; 11.28; 11.28; 11.29; 11.32; 11.34; 11.37; 11.4; 11.42; 11.48; 11.53; 11.58; 11.6; 11.64; 11.67; 11.7; 11.71; 11.74; 11.75; 11.77; 11.79; 11.79; 11.78; 11.79; 11.82; 11.82; 11.8; 11.84; 11.81; 11.83; 11.82; 11.81; 11.81; 11.81; 11.81; 11.8; 11.79; 11.78; 11.76; 11.78; 11.76; 11.74; 11.75; 11.72; 11.71; 11.7; 11.71; 11.69; 11.69; 11.67; 11.66; 11.63; 11.61; 11.61; 11.58; 11.56; 11.57; 11.56; 11.55; 11.57; 11.59; 11.59; 11.61; 11.63; 11.62; 11.62; 11.61; 11.64; 11.63; 11.65; 11.64; 11.62; 11.63; 11.63; 11.62; 11.62; 11.62; 11.62; 11.63; 11.62; 11.63; 11.66; 11.64; 11.64; 11.63; 11.65; 11.66; 11.65; 11.65; 11.67; 11.67; 11.68; 11.67; 11.68; 11.7; 11.7; 11.71; 11.68; 11.7; 11.7; 11.72; 11.72; 11.72; 11.72; 11.73; 11.72; 11.72; 11.71; 11.73; 11.73; 11.71; 11.71; 11.71; 11.72; 11.7; 11.7; 11.69; 11.68; 11.66; 11.66; 11.64; 11.62; 11.62; 11.61; 11.59; 11.55; 11.52; 11.49; 11.45; 11.4; 11.29; 11.21; 11.11; 11.0; 10.89; 10.71; 10.55; 10.36; 10.25; 10.19; 10.16; 10.15; 10.19; 10.22; 10.18; 10.06; 9.95; 9.82; 9.7; 9.56; 9.42; 9.31; 9.19; 9.12; 9.05; 8.94; 8.78; 8.57; 8.32; 8.1; 7.9; 7.72; 7.59; 7.53; 7.6; 7.7; 7.75; 7.78; 7.81; 7.86; 7.92; 7.97; 7.97; 7.94; 7.85; 7.81; 7.8; 7.81; 7.86; 7.96; 8.09; 8.25; 8.38; 8.54; 8.68; 8.86; 9.0; 9.14; 9.28; 9.41; 9.53; 9.63; 9.73; 9.81; 9.91; 10.0; 10.07; 10.14; 10.19; 10.26; 10.31; 10.35; 10.42; 10.47; 10.5; 10.54; 10.57; 10.63; 10.67; 10.7; 10.71; 10.74; 10.77; 10.79; 10.8; 10.83; 10.86; 10.87; 10.9; 10.91; 10.9; 10.92; 10.92; 10.93; 10.94; 10.94; 10.94; 10.95; 10.96; 10.96; 10.97; 10.98; 11.0; 10.98; 10.97; 10.97; 10.98; 10.99; 10.96; 10.96; 10.97; 10.96; 10.97; 10.96; 10.95; 10.94; 10.93; 10.91; 10.91; 10.89; 10.89; 10.88; 10.84; 10.82; 10.83; 10.81; 10.78; 10.74; 10.75; 10.7; 10.67; 10.61; 10.53; 10.46; 10.3; 10.08; 9.86; 9.57; 9.29; 9.08; 9.02; 8.97; 8.9; 8.8; 8.68; 8.54; 8.42; 8.25; 8.06; 7.85; 7.69; 7.51; 7.29; 7.15; 7.08; 7.13; 7.17; 7.2; 7.17; 7.09; 6.98; 6.87; 6.96; 7.12; 7.27; 7.47; 7.62; 7.76; 7.85; 7.83; 7.77; 7.73; 7.69; 7.72; 7.76; 7.84; 7.93; 8.03; 8.1; 8.1; 8.1; 8.11; 8.07; 8.08; 8.1; 8.15; 8.16; 8.18; 8.18; 8.24; 8.28; 8.33; 8.34; 8.36; 8.4; 8.42; 8.49; 8.54; 8.55; 8.58; 8.59; 8.64; 8.66; 8.7; 8.73; 8.75; 8.76; 8.8; 8.83; 8.86; 8.94; 8.95; 8.97; 8.96; 9.0; 9.01; 9.02; 9.02; 9.05; 9.01; 9.02; 9.05; 9.06; 9.1; 9.13; 9.19; 9.25; 9.28; 9.34; 9.37; 9.41; 9.47; 9.49; 9.53; 9.55; 9.58; 9.6; 9.63; 9.64; 9.69; 9.72; 9.73; 9.73; 9.79; 9.85; 9.85; 9.88; 9.89; 9.92; 9.94; 9.96; 9.97; 9.99; 10.01; 10.01; 10.01; 10.02; 10.01; 10.02; 10.0; 10.0; 9.99; 9.97; 9.98; 9.96; 10.0; 9.99; 9.98; 9.95; 10.0; 9.98; 9.96; 9.94; 9.94; 9.95; 9.91; 9.91; 9.9; 9.87; 9.86; 9.85; 9.83; 9.85; 9.81; 9.82; 9.81; 9.78; 9.79; 9.76; 9.74; 9.71; 9.71; 9.7; 9.69; 9.66; 9.63; 9.64; 9.62; 9.63; 9.61; 9.58; 9.55; 9.53; 9.46; 9.4; 9.34; 9.27; 9.23; 9.18; 9.11; 9.07; 9.04; 9.01; 8.99; 9.0; 8.98; 8.97; 8.95; 8.96; 8.95; 8.95; 8.97; 8.98; 9.01; 9.03; 9.01; 9.03; 9.02; 9.02; 9.0; 9.04; 8.96; 8.97; 8.95; 9.06; 8.96; 8.97; 8.9; 8.94; 8.78; 8.76; 8.86; 8.64; 8.56; 8.42; 8.27; 8.05; 7.94; 7.63; 7.34; 7.32; 7.52; 7.53; 7.57; 7.88; 8.02; 7.9; 7.99; 7.84; 8.03; 8.35; 8.48; 8.44; 8.65; 8.37
PS - Deckel (evtl. Frischkäse Packung); PS; #80ff00; 0.0; 8.95; 9.0; 9.01; 9.01; 9.01; 9.04; 9.03; 9.04; 9.07; 9.07; 9.1; 9.1; 9.09; 9.12; 9.13; 9.14; 9.18; 9.16; 9.17; 9.17; 9.18; 9.19; 9.21; 9.22; 9.21; 9.23; 9.22; 9.25; 9.25; 9.26; 9.27; 9.26; 9.3; 9.3; 9.31; 9.32; 9.32; 9.35; 9.35; 9.36; 9.36; 9.37; 9.38; 9.37; 9.4; 9.39; 9.4; 9.4; 9.41; 9.42; 9.42; 9.43; 9.44; 9.43; 9.44; 9.45; 9.46; 9.46; 9.47; 9.47; 9.48; 9.49; 9.49; 9.51; 9.49; 9.52; 9.5; 9.52; 9.51; 9.52; 9.54; 9.53; 9.54; 9.55; 9.54; 9.55; 9.56; 9.57; 9.56; 9.56; 9.58; 9.58; 9.57; 9.57; 9.61; 9.59; 9.59; 9.6; 9.61; 9.6; 9.61; 9.6; 9.61; 9.62; 9.62; 9.61; 9.61; 9.62; 9.63; 9.61; 9.62; 9.61; 9.63; 9.64; 9.63; 9.63; 9.65; 9.65; 9.66; 9.63; 9.64; 9.66; 9.65; 9.66; 9.64; 9.67; 9.67; 9.68; 9.67; 9.67; 9.66; 9.69; 9.69; 9.68; 9.68; 9.69; 9.7; 9.67; 9.7; 9.7; 9.7; 9.71; 9.7; 9.7; 9.69; 9.7; 9.68; 9.68; 9.68; 9.67; 9.68; 9.66; 9.65; 9.61; 9.6; 9.57; 9.55; 9.49; 9.49; 9.46; 9.45; 9.46; 9.47; 9.5; 9.53; 9.54; 9.58; 9.61; 9.63; 9.65; 9.66; 9.67; 9.68; 9.68; 9.68; 9.69; 9.7; 9.69; 9.69; 9.69; 9.7; 9.7; 9.7; 9.69; 9.71; 9.69; 9.71; 9.71; 9.68; 9.68; 9.68; 9.69; 9.66; 9.65; 9.64; 9.65; 9.63; 9.63; 9.62; 9.63; 9.63; 9.61; 9.64; 9.63; 9.63; 9.63; 9.65; 9.67; 9.68; 9.67; 9.69; 9.67; 9.7; 9.67; 9.69; 9.7; 9.7; 9.69; 9.71; 9.69; 9.69; 9.69; 9.7; 9.7; 9.7; 9.68; 9.69; 9.71; 9.7; 9.72; 9.73; 9.73; 9.71; 9.72; 9.73; 9.74; 9.74; 9.72; 9.73; 9.74; 9.73; 9.75; 9.74; 9.75; 9.75; 9.76; 9.76; 9.75; 9.74; 9.74; 9.75; 9.75; 9.75; 9.75; 9.74; 9.74; 9.74; 9.75; 9.76; 9.77; 9.76; 9.74; 9.75; 9.76; 9.77; 9.74; 9.75; 9.75; 9.75; 9.75; 9.75; 9.74; 9.75; 9.73; 9.73; 9.73; 9.72; 9.73; 9.71; 9.69; 9.7; 9.69; 9.7; 9.67; 9.66; 9.68; 9.67; 9.65; 9.63; 9.61; 9.64; 9.61; 9.57; 9.59; 9.58; 9.55; 9.51; 9.51; 9.5; 9.51; 9.47; 9.47; 9.4; 9.36; 9.28; 9.19; 9.05; 8.91; 8.78; 8.7; 8.69; 8.72; 8.73; 8.78; 8.85; 8.89; 8.94; 9.0; 9.01; 9.09; 9.13; 9.14; 9.25; 9.26; 9.29; 9.32; 9.33; 9.36; 9.38; 9.38; 9.4; 9.4; 9.42; 9.41; 9.44; 9.45; 9.44; 9.44; 9.46; 9.45; 9.44; 9.44; 9.41; 9.43; 9.41; 9.44; 9.46; 9.46; 9.48; 9.44; 9.45; 9.48; 9.43; 9.44; 9.48; 9.42; 9.44; 9.46; 9.46; 9.47; 9.48; 9.49; 9.47; 9.47; 9.48; 9.48; 9.49; 9.49; 9.5; 9.49; 9.48; 9.49; 9.51; 9.48; 9.5; 9.5; 9.47; 9.47; 9.49; 9.51; 9.53; 9.51; 9.53; 9.54; 9.51; 9.53; 9.52; 9.53; 9.53; 9.51; 9.55; 9.52; 9.51; 9.55; 9.54; 9.54; 9.54; 9.53; 9.55; 9.52; 9.54; 9.55; 9.53; 9.57; 9.55; 9.55; 9.56; 9.54; 9.59; 9.56; 9.6; 9.59; 9.61; 9.62; 9.57; 9.6; 9.57; 9.6; 9.62; 9.54; 9.58; 9.56; 9.59; 9.58; 9.57; 9.59; 9.59; 9.62; 9.58; 9.58; 9.58; 9.58; 9.59; 9.57; 9.61; 9.58; 9.62; 9.58; 9.57; 9.62; 9.57; 9.61; 9.59; 9.59; 9.57; 9.61; 9.56; 9.59; 9.6; 9.59; 9.57; 9.52; 9.57; 9.56; 9.57; 9.54; 9.55; 9.53; 9.52; 9.53; 9.52; 9.49; 9.48; 9.46; 9.39; 9.37; 9.33; 9.32; 9.27; 9.25; 9.18; 9.18; 9.15; 9.19; 9.19; 9.2; 9.14; 9.16; 9.12; 9.19; 9.21; 9.26; 9.2; 9.21; 9.15; 9.09; 9.02; 8.95; 8.78; 8.68; 8.53; 8.45; 8.35; 8.2; 8.07; 8.06; 7.84; 7.83; 7.95; 7.97; 7.9; 8.04; 7.89; 8.19; 8.21; 8.04; 8.2; 8.21; 8.44; 8.4; 8.34; 8.55; 8.64; 8.58; 8.66; 8.38; 8.73; 8.51; 8.68; 8.7; 8.78; 8.47
HDPE - Platte (klein); HDPE; #ffff00; 0.0; 16.16; 16.15; 16.12; 16.08; 16.02; 15.95; 15.89; 15.74; 15.64; 15.5; 15.37; 15.21; 15.01; 14.84; 14.66; 14.44; 14.26; 14.07; 13.95; 13.89; 13.87; 13.97; 14.14; 14.34; 14.56; 14.78; 14.97; 15.14; 15.28; 15.37; 15.46; 15.53; 15.58; 15.61; 15.65; 15.67; 15.66; 15.67; 15.67; 15.67; 15.69; 15.67; 15.65; 15.62; 15.67; 15.62; 15.62; 15.6; 15.61; 15.58; 15.56; 15.54; 15.51; 15.49; 15.47; 15.44; 15.43; 15.4; 15.37; 15.31; 15.29; 15.26; 15.21; 15.18; 15.12; 15.09; 15.01; 14.98; 14.91; 14.85; 14.8; 14.73; 14.69; 14.67; 14.65; 14.63; 14.61; 14.57; 14.5; 14.44; 14.38; 14.31; 14.26; 14.18; 14.15; 14.08; 14.03; 14.0; 14.01; 14.0; 14.01; 14.02; 14.02; 14.03; 14.04; 14.03; 14.04; 14.06; 14.08; 14.08; 14.08; 14.08; 14.11; 14.09; 14.11; 14.09; 14.1; 14.07; 14.06; 14.04; 14.04; 14.04; 14.04; 14.03; 13.98; 14.01; 13.99; 14.0; 14.0; 13.98; 13.97; 13.98; 13.95; 13.93; 13.92; 13.9; 13.88; 13.85; 13.83; 13.81; 13.79; 13.77; 13.76; 13.74; 13.71; 13.7; 13.69; 13.67; 13.66; 13.65; 13.66; 13.62; 13.6; 13.56; 13.54; 13.49; 13.46; 13.38; 13.32; 13.24; 13.14; 13.04; 12.91; 12.82; 12.7; 12.57; 12.47; 12.35; 12.22; 12.03; 11.82; 11.55; 11.22; 10.86; 10.55; 10.44; 10.55; 10.69; 10.7; 10.63; 10.56; 10.42; 10.22; 10.01; 9.81; 9.56; 9.35; 9.23; 9.2; 9.19; 9.07; 8.9; 8.64; 8.34; 8.06; 7.81; 7.57; 7.35; 7.13; 6.88; 6.7; 6.52; 6.43; 6.36; 6.33; 6.31; 6.36; 6.46; 6.65; 6.88; 7.17; 7.47; 7.78; 8.04; 8.32; 8.58; 8.82; 9.02; 9.23; 9.39; 9.57; 9.73; 9.89; 10.02; 10.15; 10.24; 10.35; 10.46; 10.52; 10.62; 10.72; 10.77; 10.82; 10.88; 10.95; 11.0; 11.04; 11.06; 11.09; 11.13; 11.18; 11.2; 11.2; 11.24; 11.25; 11.27; 11.28; 11.28; 11.28; 11.28; 11.29; 11.3; 11.32; 11.3; 11.31; 11.31; 11.34; 11.33; 11.34; 11.36; 11.34; 11.34; 11.35; 11.37; 11.4; 11.38; 11.39; 11.4; 11.41; 11.41; 11.4; 11.4; 11.4; 11.39; 11.37; 11.38; 11.36; 11.36; 11.35; 11.33; 11.3; 11.3; 11.29; 11.26; 11.22; 11.23; 11.19; 11.15; 11.13; 11.08; 11.07; 11.02; 10.93; 10.91; 10.87; 10.8; 10.69; 10.65; 10.59; 10.51; 10.37; 10.24; 10.06; 9.89; 9.67; 9.43; 9.15; 8.85; 8.56; 8.28; 8.09; 7.87; 7.69; 7.49; 7.23; 6.92; 6.56; 6.41; 6.75; 7.27; 7.59; 7.71; 7.86; 7.86; 7.79; 7.68; 7.56; 7.52; 7.44; 7.23; 7.05; 7.0; 7.14; 7.23; 7.26; 7.23; 7.2; 7.25; 7.32; 7.36; 7.4; 7.43; 7.41; 7.41; 7.39; 7.4; 7.48; 7.61; 7.71; 7.79; 7.84; 7.87; 7.89; 7.95; 8.0; 8.06; 8.1; 8.15; 8.22; 8.24; 8.27; 8.36; 8.41; 8.51; 8.59; 8.65; 8.73; 8.83; 8.89; 8.9; 8.95; 9.0; 9.04; 9.05; 9.09; 9.12; 9.12; 9.15; 9.21; 9.24; 9.25; 9.29; 9.32; 9.35; 9.33; 9.38; 9.39; 9.39; 9.42; 9.42; 9.42; 9.4; 9.42; 9.41; 9.41; 9.43; 9.4; 9.39; 9.39; 9.33; 9.32; 9.34; 9.29; 9.29; 9.28; 9.24; 9.23; 9.18; 9.14; 9.06; 9.03; 9.0; 9.08; 9.23; 9.33; 9.42; 9.45; 9.49; 9.5; 9.52; 9.54; 9.54; 9.59; 9.59; 9.64; 9.63; 9.66; 9.68; 9.68; 9.7; 9.7; 9.72; 9.74; 9.74; 9.74; 9.76; 9.77; 9.76; 9.77; 9.77; 9.75; 9.77; 9.75; 9.78; 9.75; 9.75; 9.74; 9.74; 9.75; 9.75; 9.74; 9.7; 9.73; 9.72; 9.7; 9.72; 9.71; 9.69; 9.67; 9.71; 9.68; 9.68; 9.67; 9.64; 9.63; 9.63; 9.59; 9.58; 9.58; 9.53; 9.5; 9.48; 9.48; 9.51; 9.53; 9.53; 9.51; 9.51; 9.49; 9.5; 9.51; 9.52; 9.48; 9.45; 9.48; 9.46; 9.48; 9.5; 9.48; 9.52; 9.49; 9.5; 9.52; 9.53; 9.56; 9.61; 9.56; 9.53; 9.69; 9.65; 9.78; 9.88; 9.97; 10.13; 10.03; 10.05; 10.31; 10.32; 10.57; 10.63; 10.72; 10.79; 11.02; 10.96; 11.06; 10.77; 11.01; 10.96; 11.52; 11.2; 11.73; 11.68
Hart-PVC (klein dunkelgrau); PVC; #ff8000; 0.0; 10.7; 10.73; 10.75; 10.75; 10.75; 10.73; 10.77; 10.77; 10.77; 10.81; 10.82; 10.82; 10.82; 10.84; 10.86; 10.85; 10.86; 10.84; 10.87; 10.88; 10.89; 10.89; 10.9; 10.9; 10.9; 10.9; 10.9; 10.91; 10.93; 10.93; 10.93; 10.92; 10.96; 10.95; 10.95; 10.96; 10.97; 10.98; 10.97; 10.97; 10.98; 11.0; 10.99; 10.97; 11.02; 10.98; 11.0; 11.01; 11.0; 11.02; 11.02; 11.01; 11.01; 11.01; 11.01; 11.0; 11.02; 11.02; 11.03; 11.02; 11.03; 11.04; 11.04; 11.05; 11.03; 11.04; 11.03; 11.04; 11.04; 11.03; 11.05; 11.05; 11.04; 11.05; 11.05; 11.05; 11.05; 11.06; 11.05; 11.06; 11.06; 11.05; 11.06; 11.05; 11.06; 11.06; 11.05; 11.05; 11.06; 11.06; 11.06; 11.04; 11.05; 11.05; 11.04; 11.04; 11.03; 11.03; 11.04; 11.01; 11.02; 11.01; 11.03; 11.03; 11.02; 11.01; 11.03; 11.01; 11.03; 10.99; 11.0; 11.0; 11.02; 11.0; 10.98; 10.99; 10.99; 11.0; 11.0; 10.99; 10.98; 11.0; 10.97; 10.99; 10.98; 10.98; 10.99; 10.97; 10.97; 10.97; 10.98; 10.97; 10.98; 10.97; 10.97; 10.97; 10.97; 10.95; 10.94; 10.94; 10.95; 10.95; 10.95; 10.93; 10.93; 10.93; 10.92; 10.9; 10.91; 10.91; 10.89; 10.9; 10.88; 10.88; 10.88; 10.85; 10.85; 10.84; 10.82; 10.8; 10.78; 10.78; 10.76; 10.75; 10.72; 10.7; 10.7; 10.68; 10.68; 10.66; 10.68; 10.65; 10.65; 10.64; 10.65; 10.62; 10.63; 10.62; 10.61; 10.59; 10.58; 10.59; 10.57; 10.54; 10.54; 10.56; 10.55; 10.55; 10.56; 10.57; 10.57; 10.55; 10.58; 10.57; 10.58; 10.57; 10.58; 10.57; 10.59; 10.58; 10.58; 10.58; 10.57; 10.56; 10.56; 10.55; 10.54; 10.52; 10.53; 10.5; 10.5; 10.5; 10.5; 10.5; 10.49; 10.47; 10.47; 10.47; 10.47; 10.48; 10.48; 10.47; 10.46; 10.45; 10.46; 10.46; 10.46; 10.43; 10.44; 10.43; 10.44; 10.43; 10.43; 10.44; 10.42; 10.44; 10.42; 10.39; 10.4; 10.4; 10.39; 10.4; 10.38; 10.36; 10.36; 10.35; 10.36; 10.35; 10.34; 10.34; 10.33; 10.31; 10.31; 10.31; 10.32; 10.28; 10.29; 10.29; 10.28; 10.27; 10.26; 10.24; 10.25; 10.22; 10.21; 10.22; 10.2; 10.19; 10.17; 10.15; 10.14; 10.14; 10.12; 10.11; 10.08; 10.09; 10.06; 10.05; 10.02; 10.0; 10.0; 9.97; 9.91; 9.89; 9.88; 9.85; 9.81; 9.8; 9.8; 9.78; 9.74; 9.71; 9.65; 9.59; 9.5; 9.38; 9.24; 9.09; 8.94; 8.84; 8.8; 8.82; 8.85; 8.87; 8.94; 8.98; 9.02; 9.05; 9.04; 9.13; 9.14; 9.11; 9.22; 9.22; 9.24; 9.26; 9.26; 9.29; 9.3; 9.27; 9.3; 9.29; 9.3; 9.29; 9.3; 9.29; 9.27; 9.28; 9.3; 9.27; 9.27; 9.27; 9.28; 9.26; 9.28; 9.27; 9.3; 9.29; 9.31; 9.29; 9.28; 9.3; 9.24; 9.27; 9.26; 9.25; 9.25; 9.25; 9.27; 9.25; 9.25; 9.28; 9.23; 9.22; 9.25; 9.25; 9.22; 9.26; 9.25; 9.22; 9.22; 9.24; 9.25; 9.24; 9.25; 9.24; 9.24; 9.19; 9.23; 9.23; 9.23; 9.23; 9.26; 9.24; 9.23; 9.25; 9.24; 9.23; 9.24; 9.23; 9.24; 9.21; 9.22; 9.23; 9.23; 9.2; 9.2; 9.2; 9.2; 9.17; 9.18; 9.2; 9.16; 9.18; 9.17; 9.18; 9.18; 9.17; 9.19; 9.16; 9.18; 9.15; 9.18; 9.17; 9.16; 9.17; 9.14; 9.15; 9.14; 9.12; 9.12; 9.1; 9.13; 9.13; 9.12; 9.1; 9.15; 9.11; 9.12; 9.1; 9.08; 9.1; 9.1; 9.09; 9.1; 9.08; 9.09; 9.07; 9.08; 9.09; 9.06; 9.08; 9.07; 9.05; 9.05; 9.06; 9.04; 9.05; 9.05; 9.02; 9.01; 8.99; 9.01; 9.02; 9.01; 9.01; 9.0; 8.98; 8.96; 9.03; 9.0; 8.99; 9.0; 8.97; 8.98; 8.98; 8.97; 8.97; 8.97; 8.95; 8.94; 8.97; 8.96; 8.95; 8.95; 8.93; 8.93; 8.92; 8.92; 8.93; 8.93; 8.94; 8.92; 8.97; 8.96; 8.93; 9.01; 9.0; 8.95; 8.97; 8.91; 8.97; 9.05; 8.91; 8.99; 9.03; 8.98; 9.03; 9.08; 9.0; 9.15; 9.05; 9.08; 9.15; 9.2; 9.14; 9.2; 9.2; 9.21; 9.02; 9.24; 9.22; 9.26; 9.05; 9.1; 9.23; 9.21; 9.04; 9.27; 9.17; 9.4; 9.05
PS - Platte (klein weiß); PS; #80ff00; 0.0; 84.85; 84.97; 85.1; 85.14; 85.13; 85.15; 85.19; 85.23; 85.21; 85.28; 85.31; 85.26; 85.16; 85.15; 85.15; 85.14; 85.19; 85.18; 85.28; 85.33; 85.44; 85.53; 85.66; 85.73; 85.85; 85.9; 86.04; 86.09; 86.17; 86.27; 86.33; 86.39; 86.47; 86.52; 86.57; 86.59; 86.63; 86.67; 86.67; 86.68; 86.72; 86.74; 86.77; 86.76; 86.78; 86.72; 86.73; 86.73; 86.75; 86.76; 86.79; 86.72; 86.71; 86.73; 86.72; 86.74; 86.71; 86.72; 86.69; 86.66; 86.64; 86.67; 86.61; 86.63; 86.57; 86.58; 86.51; 86.51; 86.49; 86.44; 86.45; 86.37; 86.34; 86.34; 86.29; 86.22; 86.23; 86.25; 86.21; 86.16; 86.14; 86.11; 86.15; 86.11; 86.19; 86.11; 86.09; 85.99; 86.02; 86.0; 85.96; 85.93; 85.88; 85.89; 85.83; 85.79; 85.71; 85.73; 85.76; 85.71; 85.67; 85.63; 85.67; 85.64; 85.64; 85.56; 85.63; 85.58; 85.56; 85.47; 85.5; 85.51; 85.45; 85.39; 85.28; 85.2; 85.19; 85.07; 85.06; 84.94; 84.85; 84.84; 84.69; 84.61; 84.48; 84.3; 84.23; 84.02; 83.78; 83.57; 83.28; 83.0; 82.64; 82.19; 81.7; 81.17; 80.57; 79.77; 78.94; 77.92; 76.71; 75.24; 73.55; 71.53; 69.34; 67.11; 64.99; 62.95; 61.25; 59.96; 59.39; 59.52; 60.18; 61.1; 62.4; 64.09; 66.13; 68.09; 69.82; 71.15; 72.16; 72.86; 73.38; 73.72; 74.03; 74.27; 74.58; 74.69; 74.86; 74.89; 75.13; 75.11; 75.13; 74.92; 74.65; 74.25; 73.84; 73.29; 72.8; 72.24; 71.77; 71.29; 70.76; 70.2; 69.76; 69.28; 68.82; 68.43; 68.11; 67.85; 67.72; 67.67; 67.77; 67.97; 68.33; 68.74; 69.31; 69.89; 70.49; 71.02; 71.54; 72.05; 72.58; 72.95; 73.51; 73.92; 74.28; 74.55; 74.84; 75.02; 75.26; 75.4; 75.63; 75.74; 75.86; 75.96; 76.0; 76.17; 76.3; 76.39; 76.54; 76.59; 76.61; 76.59; 76.74; 76.84; 76.81; 76.74; 76.74; 76.8; 76.82; 76.81; 76.84; 76.78; 76.77; 76.77; 76.75; 76.64; 76.6; 76.52; 76.5; 76.38; 76.3; 76.12; 75.97; 75.83; 75.68; 75.58; 75.48; 75.42; 75.24; 75.17; 75.28; 75.31; 75.34; 75.17; 74.99; 74.82; 74.63; 74.37; 74.14; 73.9; 73.81; 73.64; 73.43; 73.25; 73.09; 73.03; 72.78; 72.57; 72.4; 72.15; 71.87; 71.46; 71.09; 70.77; 70.46; 70.2; 70.0; 69.84; 69.77; 69.51; 69.11; 69.06; 68.99; 68.65; 68.09; 67.71; 67.48; 67.05; 66.41; 65.72; 65.03; 64.26; 63.32; 62.08; 60.72; 59.4; 58.05; 57.05; 56.5; 56.46; 56.28; 56.0; 56.03; 55.94; 55.74; 55.9; 55.87; 56.41; 56.53; 56.31; 56.66; 56.56; 56.27; 56.13; 55.85; 55.54; 55.43; 55.18; 55.15; 55.37; 55.55; 55.75; 55.94; 56.05; 56.06; 56.02; 56.06; 56.0; 55.9; 55.7; 55.73; 55.75; 55.76; 55.81; 56.02; 56.15; 56.28; 56.41; 56.57; 56.72; 56.81; 56.92; 57.02; 57.11; 57.31; 57.46; 57.61; 57.63; 57.73; 57.83; 57.8; 57.79; 57.85; 57.86; 57.95; 58.13; 58.29; 58.29; 58.41; 58.49; 58.56; 58.51; 58.61; 58.68; 58.64; 58.73; 58.92; 59.01; 59.12; 59.21; 59.33; 59.5; 59.61; 59.76; 59.85; 59.95; 60.01; 60.01; 60.07; 60.06; 60.08; 60.2; 60.23; 60.24; 60.37; 60.55; 60.46; 60.43; 60.5; 60.67; 60.69; 60.73; 60.73; 60.8; 60.88; 60.91; 61.01; 61.12; 61.2; 61.28; 61.31; 61.3; 61.28; 61.33; 61.29; 61.29; 61.3; 61.22; 61.16; 61.15; 61.24; 61.12; 61.0; 61.0; 61.02; 60.86; 60.73; 60.55; 60.47; 60.44; 60.41; 60.33; 60.27; 60.18; 60.01; 59.84; 59.71; 59.58; 59.4; 59.28; 59.27; 59.23; 59.06; 58.87; 58.57; 58.35; 58.09; 57.83; 57.5; 57.14; 56.84; 56.54; 56.22; 55.82; 55.28; 54.6; 53.9; 53.21; 52.21; 50.92; 49.49; 47.89; 46.19; 44.48; 43.11; 42.23; 41.24; 39.83; 38.45; 37.72; 37.66; 37.95; 38.13; 37.91; 37.37; 37.04; 37.35; 38.63; 40.07; 40.87; 40.81; 39.99; 38.71; 37.13; 35.51; 33.87; 32.32; 31.13; 30.21; 29.61; 29.3; 29.01; 28.83; 28.99; 29.3; 29.97; 30.87; 31.73; 32.64; 33.76; 34.99; 36.31; 37.6; 38.83; 39.98; 41.41; 42.83; 44.11; 45.41; 47.02; 48.45; 49.96; 51.42; 52.86; 53.86; 55.19; 56.2; 57.36; 58.41; 59.39
Hart-PVC (klein uv-stabilisiert Folie); PVC; #ff8000; 0.0; 103.03; 103.14; 103.26; 103.31; 103.37; 103.36; 103.47; 103.47; 103.49; 103.67; 103.76; 103.8; 103.84; 104.0; 104.08; 104.25; 104.44; 104.53; 104.69; 104.87; 105.03; 105.22; 105.51; 105.7; 105.96; 106.17; 106.41; 106.57; 106.78; 106.96; 107.12; 107.24; 107.41; 107.52; 107.62; 107.68; 107.8; 107.93; 107.95; 108.01; 108.12; 108.23; 108.32; 108.34; 108.44; 108.42; 108.54; 108.58; 108.68; 108.73; 108.81; 108.74; 108.79; 108.8; 108.82; 108.82; 108.79; 108.79; 108.73; 108.71; 108.63; 108.65; 108.55; 108.54; 108.42; 108.37; 108.23; 108.25; 108.22; 108.17; 108.14; 108.01; 107.94; 107.95; 107.87; 107.79; 107.77; 107.81; 107.71; 107.72; 107.68; 107.7; 107.76; 107.79; 107.93; 107.92; 107.93; 107.94; 108.03; 108.13; 108.14; 108.23; 108.17; 108.26; 108.26; 108.33; 108.29; 108.36; 108.43; 108.44; 108.41; 108.46; 108.51; 108.55; 108.53; 108.49; 108.6; 108.58; 108.57; 108.56; 108.52; 108.58; 108.53; 108.52; 108.39; 108.42; 108.42; 108.35; 108.4; 108.33; 108.26; 108.33; 108.17; 108.14; 108.05; 107.95; 107.97; 107.89; 107.7; 107.67; 107.49; 107.48; 107.31; 107.24; 107.04; 106.91; 106.77; 106.53; 106.39; 106.24; 106.04; 105.84; 105.62; 105.28; 104.94; 104.6; 104.2; 103.71; 103.19; 102.67; 102.21; 101.85; 101.4; 100.97; 100.41; 99.81; 99.19; 98.44; 97.54; 96.47; 95.28; 94.13; 93.01; 91.95; 90.89; 90.02; 89.52; 89.15; 88.93; 88.72; 88.68; 88.5; 88.3; 87.93; 87.52; 86.96; 86.39; 85.79; 85.3; 84.82; 84.43; 83.95; 83.4; 82.89; 82.64; 82.43; 82.36; 82.26; 82.21; 82.13; 82.17; 82.2; 82.39; 82.62; 83.03; 83.38; 84.01; 84.79; 85.74; 86.65; 87.67; 88.56; 89.41; 90.05; 90.83; 91.4; 91.88; 92.23; 92.56; 92.83; 93.14; 93.33; 93.61; 93.78; 93.97; 94.14; 94.22; 94.41; 94.59; 94.76; 94.94; 95.04; 95.07; 95.1; 95.31; 95.49; 95.46; 95.45; 95.48; 95.59; 95.67; 95.65; 95.7; 95.65; 95.69; 95.71; 95.68; 95.59; 95.55; 95.51; 95.52; 95.48; 95.45; 95.32; 95.27; 95.25; 95.23; 95.2; 95.1; 95.16; 95.04; 94.94; 94.91; 94.94; 94.95; 94.88; 94.79; 94.81; 94.71; 94.62; 94.55; 94.49; 94.51; 94.44; 94.27; 94.17; 94.13; 94.13; 93.99; 93.76; 93.6; 93.46; 93.32; 93.05; 92.88; 92.73; 92.49; 92.23; 91.93; 91.57; 91.34; 90.83; 90.14; 89.85; 89.57; 88.98; 88.13; 87.6; 87.37; 86.86; 86.02; 85.05; 83.99; 82.76; 81.34; 79.51; 77.53; 75.55; 73.38; 71.68; 70.69; 70.54; 70.42; 70.21; 70.24; 69.89; 69.2; 69.1; 69.23; 70.13; 70.26; 69.95; 70.48; 70.61; 70.53; 70.62; 70.4; 70.02; 69.82; 69.27; 68.87; 68.94; 69.01; 69.1; 69.11; 69.02; 68.98; 68.94; 69.11; 69.31; 69.6; 69.84; 70.39; 70.78; 71.1; 71.43; 71.83; 72.17; 72.45; 72.74; 72.96; 73.22; 73.41; 73.65; 73.93; 74.15; 74.39; 74.61; 74.86; 74.97; 75.25; 75.4; 75.52; 75.65; 75.9; 75.99; 76.18; 76.47; 76.64; 76.72; 76.97; 77.18; 77.4; 77.47; 77.69; 77.85; 77.8; 77.94; 78.18; 78.26; 78.36; 78.43; 78.54; 78.65; 78.72; 78.78; 78.79; 78.85; 78.85; 78.86; 78.88; 78.91; 78.9; 79.02; 79.0; 79.0; 79.14; 79.32; 79.23; 79.21; 79.36; 79.68; 79.78; 79.91; 80.06; 80.24; 80.42; 80.53; 80.75; 81.0; 81.17; 81.33; 81.52; 81.77; 81.97; 82.22; 82.37; 82.59; 82.82; 82.97; 83.09; 83.34; 83.62; 83.75; 83.82; 84.06; 84.32; 84.41; 84.48; 84.52; 84.62; 84.82; 84.93; 84.98; 85.06; 85.1; 85.12; 85.17; 85.28; 85.41; 85.47; 85.52; 85.64; 85.68; 85.67; 85.72; 85.68; 85.78; 85.84; 85.87; 85.81; 85.75; 85.78; 85.88; 85.91; 85.97; 85.93; 85.83; 85.86; 85.99; 85.9; 85.74; 85.81; 85.68; 85.55; 85.56; 85.39; 85.36; 85.33; 85.19; 85.12; 85.09; 85.07; 84.87; 84.91; 84.84; 84.58; 84.48; 84.36; 84.21; 83.97; 83.73; 83.33; 82.91; 82.58; 82.22; 81.81; 81.35; 80.96; 80.45; 80.07; 79.77; 79.5; 79.24; 78.74; 78.5; 78.05; 77.83; 77.38; 77.03; 76.76; 76.36; 75.98; 75.46; 74.67; 73.95; 73.09; 72.56; 71.95; 71.3; 71.01; 70.91; 70.91; 71.05; 71.37; 71.55; 71.6; 72.02; 72.69; 73.17; 74.04; 74.83
Hart-PVC (klein uv-stabilisiert); PVC; #ff8000; 0.0; 106.42; 106.59; 106.65; 106.76; 106.79; 106.83; 106.9; 107.02; 107.08; 107.31; 107.42; 107.55; 107.66; 107.88; 108.08; 108.33; 108.61; 108.8; 109.03; 109.21; 109.38; 109.52; 109.71; 109.8; 109.93; 110.0; 110.15; 110.25; 110.37; 110.49; 110.61; 110.67; 110.83; 110.92; 111.01; 111.05; 111.13; 111.24; 111.27; 111.32; 111.44; 111.51; 111.61; 111.61; 111.73; 111.67; 111.78; 111.81; 111.88; 111.9; 111.97; 111.91; 111.91; 111.87; 111.88; 111.91; 111.84; 111.86; 111.77; 111.77; 111.71; 111.7; 111.61; 111.61; 111.49; 111.48; 111.34; 111.35; 111.36; 111.32; 111.29; 111.19; 111.12; 111.16; 111.03; 110.98; 110.96; 111.0; 110.92; 110.93; 110.92; 110.99; 111.05; 111.09; 111.28; 111.26; 111.28; 111.32; 111.4; 111.48; 111.48; 111.56; 111.5; 111.56; 111.53; 111.6; 111.54; 111.6; 111.64; 111.64; 111.59; 111.61; 111.64; 111.67; 111.66; 111.61; 111.68; 111.69; 111.68; 111.62; 111.6; 111.66; 111.58; 111.55; 111.43; 111.41; 111.4; 111.35; 111.39; 111.32; 111.23; 111.27; 111.13; 111.08; 110.97; 110.88; 110.86; 110.82; 110.6; 110.55; 109.92; 110.0; 109.38; 109.46; 108.87; 108.91; 108.54; 108.51; 108.0; 107.9; 107.53; 107.53; 106.96; 107.02; 106.77; 106.9; 106.05; 106.0; 105.48; 105.47; 105.01; 104.73; 104.35; 103.95; 103.41; 102.86; 102.28; 101.58; 100.71; 99.68; 98.55; 97.5; 96.52; 95.62; 94.7; 93.88; 93.26; 92.79; 92.54; 92.4; 92.43; 92.35; 92.28; 92.08; 91.83; 91.5; 91.13; 90.66; 90.18; 89.76; 89.45; 89.2; 88.88; 88.72; 88.78; 88.99; 89.3; 89.71; 90.13; 90.63; 91.16; 91.7; 92.25; 92.76; 93.26; 93.72; 94.2; 94.65; 95.08; 95.4; 95.71; 96.06; 96.35; 96.54; 96.9; 97.13; 97.26; 97.37; 97.47; 97.54; 97.62; 97.65; 97.78; 97.83; 97.87; 97.96; 97.95; 98.06; 98.16; 98.24; 98.38; 98.39; 98.37; 98.36; 98.51; 98.64; 98.59; 98.53; 98.52; 98.64; 98.63; 98.63; 98.64; 98.6; 98.6; 98.61; 98.56; 98.47; 98.41; 98.35; 98.36; 98.3; 98.27; 98.1; 98.04; 98.0; 97.97; 97.94; 97.82; 97.85; 97.72; 97.62; 97.56; 97.57; 97.57; 97.47; 97.36; 97.34; 97.25; 97.15; 97.06; 97.0; 96.98; 96.9; 96.7; 96.62; 96.53; 96.57; 96.39; 96.17; 96.0; 95.84; 95.7; 95.42; 95.27; 95.12; 94.9; 94.62; 94.34; 94.02; 93.79; 93.26; 92.6; 92.35; 92.1; 91.54; 90.69; 90.17; 90.01; 89.52; 88.73; 87.81; 86.83; 85.66; 84.3; 82.53; 80.56; 78.62; 76.52; 74.88; 73.99; 74.07; 74.19; 74.27; 74.71; 74.81; 74.56; 74.66; 74.21; 74.47; 74.22; 73.71; 74.18; 74.36; 74.35; 74.59; 74.5; 74.23; 74.13; 73.74; 73.56; 73.64; 73.55; 73.48; 73.47; 73.39; 73.32; 73.19; 73.3; 73.46; 73.7; 73.97; 74.54; 75.02; 75.34; 75.64; 76.02; 76.22; 76.41; 76.59; 76.77; 76.99; 77.15; 77.33; 77.57; 77.68; 77.86; 78.08; 78.23; 78.38; 78.57; 78.68; 78.72; 78.77; 78.96; 78.99; 79.11; 79.33; 79.49; 79.51; 79.76; 79.96; 80.15; 80.21; 80.42; 80.54; 80.47; 80.6; 80.83; 80.91; 81.0; 81.02; 81.16; 81.25; 81.33; 81.37; 81.36; 81.4; 81.39; 81.42; 81.45; 81.46; 81.44; 81.57; 81.55; 81.53; 81.66; 81.86; 81.78; 81.78; 81.92; 82.24; 82.36; 82.52; 82.68; 82.87; 83.08; 83.21; 83.45; 83.73; 83.96; 84.14; 84.28; 84.43; 84.56; 84.74; 84.87; 85.05; 85.25; 85.38; 85.53; 85.77; 86.06; 86.12; 86.19; 86.44; 86.73; 86.78; 86.83; 86.86; 86.99; 87.16; 87.28; 87.32; 87.39; 87.45; 87.47; 87.53; 87.6; 87.76; 87.8; 87.87; 87.97; 88.04; 88.05; 88.1; 88.03; 88.17; 88.23; 88.24; 88.17; 88.16; 88.21; 88.29; 88.34; 88.43; 88.38; 88.33; 88.32; 88.47; 88.43; 88.24; 88.34; 88.24; 88.12; 88.12; 88.01; 87.97; 87.94; 87.8; 87.77; 87.8; 87.75; 87.57; 87.63; 87.61; 87.33; 87.23; 87.15; 87.01; 86.82; 86.58; 86.21; 85.76; 85.47; 85.19; 84.77; 84.38; 83.94; 83.48; 83.15; 82.86; 82.65; 82.33; 82.0; 81.67; 81.43; 81.02; 80.84; 80.4; 80.19; 79.9; 79.46; 78.89; 78.09; 77.64; 76.72; 76.15; 75.3; 74.89; 74.49; 74.16; 74.53; 74.28; 74.95; 74.89; 75.02; 75.56; 76.28; 76.83; 77.56; 78.13
28 - PP; PP; #0000ff; 0.0; 7.19; 7.23; 7.22; 7.21; 7.16; 7.14; 7.14; 7.12; 7.12; 7.15; 7.19; 7.17; 7.19; 7.19; 7.21; 7.22; 7.25; 7.25; 7.26; 7.27; 7.28; 7.3; 7.3; 7.32; 7.33; 7.35; 7.38; 7.4; 7.43; 7.44; 7.46; 7.46; 7.49; 7.49; 7.52; 7.52; 7.52; 7.53; 7.54; 7.55; 7.55; 7.56; 7.57; 7.55; 7.57; 7.54; 7.57; 7.58; 7.58; 7.56; 7.57; 7.56; 7.56; 7.54; 7.54; 7.54; 7.55; 7.54; 7.54; 7.53; 7.54; 7.52; 7.52; 7.54; 7.51; 7.51; 7.51; 7.5; 7.5; 7.47; 7.5; 7.48; 7.47; 7.49; 7.48; 7.48; 7.48; 7.49; 7.5; 7.5; 7.51; 7.51; 7.52; 7.51; 7.54; 7.52; 7.53; 7.52; 7.53; 7.53; 7.53; 7.52; 7.51; 7.53; 7.53; 7.52; 7.53; 7.54; 7.54; 7.53; 7.55; 7.54; 7.55; 7.55; 7.54; 7.55; 7.57; 7.56; 7.57; 7.55; 7.57; 7.58; 7.59; 7.59; 7.58; 7.61; 7.6; 7.61; 7.61; 7.61; 7.61; 7.62; 7.61; 7.63; 7.62; 7.64; 7.63; 7.61; 7.62; 7.63; 7.63; 7.63; 7.63; 7.63; 7.63; 7.63; 7.62; 7.61; 7.61; 7.6; 7.6; 7.6; 7.59; 7.56; 7.56; 7.54; 7.51; 7.46; 7.42; 7.38; 7.33; 7.29; 7.2; 7.1; 7.02; 6.96; 6.95; 6.92; 6.91; 6.93; 6.95; 6.93; 6.85; 6.81; 6.73; 6.67; 6.6; 6.52; 6.46; 6.4; 6.36; 6.32; 6.26; 6.17; 6.07; 5.93; 5.82; 5.7; 5.61; 5.55; 5.51; 5.56; 5.61; 5.62; 5.65; 5.66; 5.69; 5.74; 5.76; 5.75; 5.74; 5.69; 5.66; 5.67; 5.67; 5.69; 5.73; 5.8; 5.88; 5.94; 6.03; 6.1; 6.2; 6.28; 6.36; 6.45; 6.51; 6.57; 6.63; 6.68; 6.72; 6.77; 6.82; 6.85; 6.9; 6.93; 6.96; 6.99; 7.01; 7.05; 7.1; 7.11; 7.11; 7.14; 7.17; 7.2; 7.21; 7.22; 7.23; 7.25; 7.28; 7.27; 7.28; 7.3; 7.31; 7.33; 7.35; 7.33; 7.34; 7.34; 7.36; 7.34; 7.35; 7.35; 7.34; 7.35; 7.37; 7.38; 7.39; 7.39; 7.38; 7.37; 7.36; 7.38; 7.42; 7.38; 7.38; 7.39; 7.39; 7.39; 7.38; 7.37; 7.4; 7.38; 7.38; 7.37; 7.37; 7.37; 7.36; 7.36; 7.35; 7.35; 7.34; 7.34; 7.31; 7.31; 7.29; 7.29; 7.26; 7.22; 7.19; 7.11; 7.0; 6.88; 6.72; 6.56; 6.47; 6.45; 6.41; 6.39; 6.3; 6.24; 6.16; 6.07; 5.95; 5.84; 5.73; 5.6; 5.48; 5.37; 5.3; 5.29; 5.31; 5.33; 5.38; 5.36; 5.32; 5.28; 5.25; 5.31; 5.41; 5.5; 5.64; 5.73; 5.84; 5.88; 5.88; 5.86; 5.83; 5.81; 5.86; 5.87; 5.91; 5.96; 6.0; 6.06; 6.05; 6.05; 6.03; 6.01; 6.0; 6.0; 6.02; 6.02; 6.03; 6.02; 6.06; 6.05; 6.07; 6.08; 6.09; 6.11; 6.09; 6.13; 6.16; 6.14; 6.17; 6.18; 6.21; 6.21; 6.23; 6.26; 6.25; 6.26; 6.27; 6.31; 6.31; 6.36; 6.34; 6.33; 6.35; 6.37; 6.38; 6.38; 6.38; 6.39; 6.36; 6.35; 6.37; 6.39; 6.41; 6.43; 6.46; 6.48; 6.5; 6.53; 6.58; 6.6; 6.62; 6.65; 6.67; 6.65; 6.69; 6.69; 6.69; 6.71; 6.72; 6.76; 6.77; 6.75; 6.79; 6.82; 6.82; 6.84; 6.84; 6.88; 6.88; 6.88; 6.9; 6.9; 6.93; 6.91; 6.93; 6.93; 6.93; 6.95; 6.93; 6.92; 6.93; 6.91; 6.9; 6.9; 6.92; 6.94; 6.95; 6.91; 6.93; 6.93; 6.93; 6.93; 6.9; 6.91; 6.91; 6.9; 6.91; 6.91; 6.9; 6.87; 6.89; 6.9; 6.88; 6.88; 6.89; 6.85; 6.85; 6.87; 6.84; 6.82; 6.85; 6.82; 6.82; 6.77; 6.78; 6.79; 6.79; 6.78; 6.77; 6.73; 6.71; 6.73; 6.68; 6.63; 6.61; 6.58; 6.55; 6.52; 6.49; 6.45; 6.47; 6.43; 6.4; 6.42; 6.41; 6.42; 6.41; 6.39; 6.38; 6.39; 6.42; 6.42; 6.43; 6.42; 6.37; 6.41; 6.42; 6.42; 6.41; 6.46; 6.41; 6.46; 6.35; 6.43; 6.43; 6.33; 6.35; 6.28; 6.26; 6.1; 6.23; 6.05; 6.19; 6.03; 5.81; 5.7; 5.7; 5.49; 5.41; 5.44; 5.54; 5.49; 5.48; 5.5; 5.74; 5.57; 5.7; 5.46; 5.9; 5.78; 5.85; 5.77; 6.06; 5.79
29 - PP; PP; #0000ff; 0.0; 30.19; 30.2; 30.22; 30.23; 30.17; 30.14; 30.17; 30.14; 30.15; 30.22; 30.26; 30.28; 30.26; 30.29; 30.31; 30.32; 30.36; 30.36; 30.39; 30.4; 30.4; 30.42; 30.44; 30.44; 30.48; 30.5; 30.54; 30.59; 30.62; 30.67; 30.7; 30.7; 30.75; 30.76; 30.8; 30.82; 30.83; 30.86; 30.85; 30.85; 30.88; 30.88; 30.91; 30.86; 30.9; 30.88; 30.87; 30.87; 30.88; 30.88; 30.88; 30.84; 30.84; 30.83; 30.79; 30.8; 30.8; 30.79; 30.78; 30.73; 30.74; 30.71; 30.69; 30.71; 30.68; 30.68; 30.64; 30.63; 30.63; 30.59; 30.59; 30.56; 30.52; 30.54; 30.52; 30.5; 30.5; 30.54; 30.52; 30.5; 30.49; 30.49; 30.51; 30.5; 30.53; 30.49; 30.48; 30.44; 30.45; 30.43; 30.43; 30.4; 30.38; 30.37; 30.35; 30.33; 30.3; 30.31; 30.31; 30.27; 30.27; 30.23; 30.24; 30.23; 30.21; 30.19; 30.22; 30.18; 30.19; 30.15; 30.17; 30.16; 30.15; 30.14; 30.1; 30.1; 30.09; 30.1; 30.09; 30.07; 30.04; 30.06; 30.02; 30.0; 30.0; 29.97; 29.98; 29.95; 29.92; 29.91; 29.88; 29.88; 29.84; 29.83; 29.8; 29.77; 29.73; 29.68; 29.67; 29.65; 29.62; 29.57; 29.55; 29.47; 29.42; 29.37; 29.3; 29.16; 29.07; 28.93; 28.81; 28.65; 28.45; 28.22; 28.0; 27.82; 27.75; 27.68; 27.65; 27.65; 27.66; 27.58; 27.41; 27.24; 27.03; 26.83; 26.64; 26.42; 26.22; 26.02; 25.92; 25.77; 25.59; 25.31; 24.95; 24.55; 24.15; 23.78; 23.43; 23.17; 23.06; 23.14; 23.26; 23.34; 23.38; 23.4; 23.45; 23.56; 23.61; 23.59; 23.52; 23.36; 23.24; 23.18; 23.18; 23.25; 23.39; 23.56; 23.76; 23.95; 24.17; 24.4; 24.63; 24.8; 25.04; 25.23; 25.39; 25.5; 25.64; 25.74; 25.83; 25.92; 26.02; 26.08; 26.15; 26.19; 26.26; 26.31; 26.36; 26.4; 26.48; 26.51; 26.52; 26.53; 26.58; 26.64; 26.64; 26.6; 26.64; 26.65; 26.66; 26.67; 26.68; 26.67; 26.68; 26.68; 26.68; 26.66; 26.64; 26.61; 26.62; 26.61; 26.59; 26.53; 26.53; 26.51; 26.51; 26.5; 26.48; 26.47; 26.44; 26.38; 26.37; 26.36; 26.37; 26.3; 26.28; 26.25; 26.22; 26.18; 26.13; 26.11; 26.09; 26.04; 25.98; 25.94; 25.9; 25.89; 25.82; 25.75; 25.7; 25.66; 25.61; 25.52; 25.48; 25.45; 25.34; 25.28; 25.17; 25.02; 24.89; 24.66; 24.32; 23.98; 23.57; 23.13; 22.78; 22.66; 22.56; 22.46; 22.24; 22.0; 21.71; 21.43; 21.07; 20.61; 20.16; 19.73; 19.28; 18.87; 18.58; 18.51; 18.57; 18.62; 18.7; 18.66; 18.49; 18.33; 18.17; 18.34; 18.61; 18.85; 19.22; 19.47; 19.67; 19.79; 19.78; 19.68; 19.6; 19.55; 19.58; 19.62; 19.74; 19.87; 19.97; 20.04; 20.05; 19.97; 19.95; 19.91; 19.88; 19.84; 19.85; 19.89; 19.88; 19.85; 19.9; 19.93; 19.96; 19.97; 19.98; 20.02; 20.03; 20.07; 20.13; 20.12; 20.16; 20.16; 20.22; 20.24; 20.28; 20.3; 20.29; 20.3; 20.33; 20.39; 20.41; 20.49; 20.47; 20.45; 20.48; 20.48; 20.51; 20.49; 20.51; 20.5; 20.45; 20.43; 20.46; 20.48; 20.52; 20.54; 20.61; 20.67; 20.7; 20.77; 20.81; 20.88; 20.94; 20.94; 21.0; 20.99; 21.0; 21.04; 21.04; 21.05; 21.11; 21.15; 21.11; 21.12; 21.18; 21.24; 21.23; 21.26; 21.26; 21.27; 21.29; 21.29; 21.3; 21.3; 21.34; 21.33; 21.32; 21.3; 21.27; 21.28; 21.25; 21.23; 21.23; 21.18; 21.17; 21.15; 21.19; 21.16; 21.13; 21.08; 21.11; 21.07; 21.04; 21.01; 20.97; 20.98; 20.94; 20.91; 20.87; 20.84; 20.79; 20.74; 20.7; 20.73; 20.69; 20.65; 20.64; 20.59; 20.56; 20.53; 20.46; 20.42; 20.42; 20.36; 20.32; 20.24; 20.22; 20.2; 20.19; 20.15; 20.14; 20.07; 20.0; 19.97; 19.87; 19.73; 19.7; 19.56; 19.48; 19.39; 19.3; 19.26; 19.2; 19.11; 19.09; 19.07; 19.03; 18.99; 19.01; 19.0; 18.95; 18.97; 18.97; 19.0; 19.01; 19.03; 18.99; 19.02; 19.11; 19.17; 19.13; 19.19; 19.16; 19.2; 19.22; 19.26; 19.34; 19.38; 19.33; 19.39; 19.41; 19.34; 19.4; 19.19; 19.18; 19.06; 18.79; 18.53; 18.22; 17.54; 17.22; 17.07; 17.39; 17.58; 18.07; 18.33; 18.69; 18.75; 18.72; 18.92; 19.47; 19.63; 20.33; 20.46; 21.12; 21.23
30 - PA; PA; #00ffff; 0.0; 19.62; 19.59; 19.48; 19.38; 19.24; 19.15; 19.05; 18.9; 18.79; 18.74; 18.65; 18.57; 18.5; 18.45; 18.46; 18.46; 18.51; 18.52; 18.6; 18.69; 18.76; 18.83; 18.93; 19.02; 19.08; 19.13; 19.21; 19.25; 19.3; 19.32; 19.34; 19.34; 19.38; 19.38; 19.38; 19.36; 19.36; 19.36; 19.35; 19.33; 19.34; 19.32; 19.29; 19.25; 19.27; 19.21; 19.2; 19.17; 19.14; 19.12; 19.08; 19.05; 19.0; 18.95; 18.91; 18.88; 18.85; 18.81; 18.76; 18.7; 18.67; 18.6; 18.54; 18.5; 18.4; 18.35; 18.28; 18.23; 18.18; 18.13; 18.1; 18.03; 17.98; 17.94; 17.87; 17.81; 17.75; 17.7; 17.63; 17.56; 17.51; 17.46; 17.42; 17.36; 17.34; 17.3; 17.28; 17.24; 17.21; 17.18; 17.15; 17.12; 17.08; 17.06; 17.03; 17.01; 17.01; 17.0; 17.02; 16.99; 17.01; 17.01; 17.04; 17.05; 17.07; 17.07; 17.11; 17.09; 17.12; 17.09; 17.12; 17.14; 17.14; 17.15; 17.13; 17.14; 17.14; 17.16; 17.16; 17.15; 17.13; 17.15; 17.12; 17.12; 17.1; 17.09; 17.09; 17.06; 17.04; 17.04; 17.03; 17.01; 17.0; 16.99; 16.96; 16.92; 16.9; 16.86; 16.82; 16.79; 16.74; 16.68; 16.63; 16.53; 16.45; 16.34; 16.23; 16.08; 15.98; 15.83; 15.68; 15.52; 15.35; 15.18; 14.98; 14.77; 14.58; 14.38; 14.2; 14.03; 13.91; 13.8; 13.68; 13.55; 13.41; 13.24; 13.07; 12.88; 12.67; 12.42; 12.2; 11.94; 11.68; 11.44; 11.21; 10.96; 10.76; 10.55; 10.37; 10.18; 9.99; 9.84; 9.69; 9.54; 9.46; 9.41; 9.36; 9.35; 9.38; 9.41; 9.47; 9.55; 9.67; 9.81; 9.98; 10.16; 10.37; 10.6; 10.83; 11.05; 11.27; 11.45; 11.65; 11.79; 11.95; 12.07; 12.17; 12.27; 12.36; 12.44; 12.56; 12.69; 12.83; 12.98; 13.09; 13.19; 13.25; 13.31; 13.37; 13.41; 13.47; 13.47; 13.46; 13.44; 13.43; 13.39; 13.35; 13.28; 13.24; 13.22; 13.2; 13.19; 13.18; 13.21; 13.24; 13.27; 13.32; 13.31; 13.33; 13.34; 13.34; 13.34; 13.31; 13.31; 13.29; 13.31; 13.34; 13.34; 13.34; 13.36; 13.34; 13.33; 13.34; 13.33; 13.34; 13.28; 13.28; 13.26; 13.24; 13.21; 13.18; 13.17; 13.17; 13.17; 13.12; 13.13; 13.12; 13.14; 13.11; 13.1; 13.07; 13.04; 13.01; 12.98; 12.93; 12.92; 12.86; 12.83; 12.78; 12.7; 12.66; 12.57; 12.47; 12.37; 12.27; 12.13; 11.97; 11.81; 11.65; 11.49; 11.25; 11.02; 10.76; 10.52; 10.23; 9.91; 9.58; 9.27; 8.96; 8.74; 8.63; 8.58; 8.59; 8.61; 8.67; 8.71; 8.77; 8.86; 8.91; 8.98; 8.96; 8.92; 8.92; 8.89; 8.88; 8.87; 8.86; 8.87; 8.89; 8.89; 8.95; 8.95; 8.97; 8.99; 8.99; 8.98; 8.97; 8.94; 9.0; 9.0; 9.02; 9.02; 9.05; 9.07; 9.08; 9.13; 9.16; 9.17; 9.18; 9.21; 9.23; 9.24; 9.23; 9.23; 9.28; 9.25; 9.26; 9.27; 9.31; 9.3; 9.3; 9.3; 9.27; 9.24; 9.21; 9.17; 9.07; 9.0; 8.89; 8.75; 8.68; 8.62; 8.57; 8.55; 8.53; 8.53; 8.45; 8.39; 8.37; 8.32; 8.27; 8.2; 8.13; 8.06; 7.96; 7.89; 7.78; 7.66; 7.57; 7.44; 7.36; 7.29; 7.24; 7.22; 7.21; 7.21; 7.15; 7.14; 7.1; 7.02; 7.0; 6.91; 6.85; 6.79; 6.72; 6.68; 6.66; 6.64; 6.64; 6.61; 6.66; 6.73; 6.83; 6.95; 7.13; 7.34; 7.53; 7.72; 7.81; 7.85; 7.88; 7.88; 7.85; 7.78; 7.7; 7.6; 7.54; 7.44; 7.35; 7.28; 7.2; 7.21; 7.22; 7.25; 7.3; 7.38; 7.48; 7.54; 7.62; 7.69; 7.73; 7.72; 7.69; 7.63; 7.59; 7.54; 7.5; 7.47; 7.48; 7.5; 7.51; 7.51; 7.54; 7.58; 7.64; 7.69; 7.76; 7.79; 7.86; 7.99; 8.1; 8.19; 8.31; 8.43; 8.57; 8.66; 8.74; 8.82; 8.89; 8.96; 8.97; 9.03; 9.06; 9.09; 9.1; 9.11; 9.1; 9.12; 9.11; 9.12; 9.15; 9.15; 9.15; 9.17; 9.24; 9.28; 9.34; 9.39; 9.42; 9.5; 9.56; 9.65; 9.68; 9.69; 9.8; 9.92; 9.96; 9.96; 10.27; 10.26; 10.37; 10.49; 10.5; 10.72; 10.72; 10.62; 11.02; 11.14; 11.14; 11.38; 11.59; 11.56; 12.02; 12.03; 12.17; 12.23; 12.55; 12.71; 13.15; 13.05; 13.39; 13.44
27 - PE; PE; #ffff00; 0.0; 4.42; 4.43; 4.43; 4.43; 4.44; 4.45; 4.46; 4.45; 4.45; 4.46; 4.49; 4.48; 4.47; 4.49; 4.51; 4.5; 4.51; 4.51; 4.52; 4.52; 4.52; 4.53; 4.54; 4.54; 4.54; 4.55; 4.55; 4.55; 4.57; 4.57; 4.56; 4.56; 4.58; 4.58; 4.59; 4.6; 4.59; 4.6; 4.6; 4.6; 4.6; 4.61; 4.63; 4.6; 4.63; 4.6; 4.63; 4.61; 4.61; 4.63; 4.64; 4.62; 4.62; 4.62; 4.62; 4.62; 4.64; 4.62; 4.64; 4.63; 4.65; 4.65; 4.65; 4.66; 4.65; 4.66; 4.64; 4.66; 4.65; 4.67; 4.67; 4.66; 4.67; 4.67; 4.67; 4.68; 4.67; 4.67; 4.69; 4.68; 4.69; 4.68; 4.69; 4.69; 4.7; 4.69; 4.7; 4.69; 4.7; 4.7; 4.7; 4.7; 4.7; 4.7; 4.72; 4.7; 4.71; 4.7; 4.7; 4.69; 4.71; 4.71; 4.71; 4.71; 4.72; 4.71; 4.72; 4.71; 4.72; 4.72; 4.71; 4.71; 4.72; 4.72; 4.71; 4.72; 4.72; 4.72; 4.73; 4.73; 4.72; 4.73; 4.73; 4.73; 4.74; 4.74; 4.75; 4.73; 4.74; 4.74; 4.75; 4.75; 4.76; 4.75; 4.75; 4.76; 4.76; 4.76; 4.76; 4.76; 4.77; 4.77; 4.78; 4.76; 4.78; 4.77; 4.78; 4.77; 4.77; 4.78; 4.78; 4.79; 4.78; 4.79; 4.78; 4.79; 4.79; 4.78; 4.78; 4.77; 4.77; 4.78; 4.77; 4.78; 4.77; 4.78; 4.78; 4.78; 4.78; 4.76; 4.77; 4.77; 4.77; 4.77; 4.77; 4.76; 4.77; 4.76; 4.76; 4.76; 4.75; 4.77; 4.77; 4.75; 4.76; 4.75; 4.75; 4.76; 4.76; 4.76; 4.76; 4.74; 4.75; 4.76; 4.75; 4.74; 4.75; 4.76; 4.76; 4.76; 4.76; 4.75; 4.74; 4.74; 4.73; 4.74; 4.75; 4.73; 4.73; 4.73; 4.72; 4.71; 4.73; 4.72; 4.73; 4.72; 4.71; 4.71; 4.71; 4.73; 4.74; 4.73; 4.73; 4.72; 4.74; 4.74; 4.73; 4.72; 4.74; 4.73; 4.74; 4.74; 4.73; 4.73; 4.73; 4.75; 4.76; 4.74; 4.75; 4.74; 4.73; 4.73; 4.74; 4.74; 4.73; 4.74; 4.74; 4.75; 4.77; 4.77; 4.75; 4.74; 4.73; 4.74; 4.76; 4.74; 4.74; 4.76; 4.73; 4.74; 4.75; 4.73; 4.75; 4.74; 4.73; 4.73; 4.73; 4.73; 4.72; 4.74; 4.72; 4.71; 4.71; 4.73; 4.7; 4.71; 4.71; 4.7; 4.69; 4.7; 4.71; 4.7; 4.67; 4.67; 4.66; 4.66; 4.65; 4.65; 4.65; 4.66; 4.64; 4.63; 4.59; 4.59; 4.53; 4.49; 4.42; 4.35; 4.31; 4.28; 4.28; 4.29; 4.29; 4.34; 4.37; 4.38; 4.41; 4.44; 4.44; 4.48; 4.5; 4.51; 4.57; 4.57; 4.6; 4.61; 4.6; 4.61; 4.63; 4.63; 4.67; 4.65; 4.63; 4.64; 4.65; 4.66; 4.64; 4.63; 4.63; 4.62; 4.62; 4.61; 4.62; 4.61; 4.61; 4.6; 4.63; 4.61; 4.61; 4.59; 4.59; 4.58; 4.57; 4.58; 4.58; 4.57; 4.57; 4.56; 4.58; 4.57; 4.56; 4.58; 4.58; 4.55; 4.56; 4.56; 4.57; 4.59; 4.57; 4.56; 4.56; 4.58; 4.58; 4.57; 4.57; 4.57; 4.55; 4.52; 4.55; 4.56; 4.56; 4.58; 4.57; 4.57; 4.55; 4.58; 4.58; 4.59; 4.6; 4.56; 4.59; 4.57; 4.58; 4.57; 4.58; 4.58; 4.59; 4.58; 4.6; 4.56; 4.57; 4.58; 4.56; 4.59; 4.57; 4.6; 4.59; 4.59; 4.61; 4.6; 4.61; 4.61; 4.62; 4.61; 4.62; 4.63; 4.61; 4.61; 4.6; 4.59; 4.58; 4.57; 4.61; 4.61; 4.62; 4.6; 4.63; 4.62; 4.61; 4.62; 4.6; 4.6; 4.61; 4.61; 4.62; 4.62; 4.62; 4.6; 4.61; 4.63; 4.63; 4.63; 4.64; 4.61; 4.63; 4.64; 4.61; 4.62; 4.64; 4.64; 4.64; 4.62; 4.64; 4.65; 4.64; 4.64; 4.66; 4.63; 4.64; 4.67; 4.64; 4.64; 4.64; 4.64; 4.64; 4.64; 4.64; 4.64; 4.66; 4.64; 4.64; 4.65; 4.66; 4.65; 4.64; 4.64; 4.66; 4.64; 4.61; 4.63; 4.63; 4.64; 4.62; 4.62; 4.63; 4.61; 4.61; 4.67; 4.62; 4.6; 4.52; 4.62; 4.62; 4.55; 4.56; 4.58; 4.38; 4.51; 4.56; 4.42; 4.49; 4.44; 4.48; 4.55; 4.52; 4.5; 4.57; 4.39; 4.68; 4.46; 4.54; 4.46; 4.63; 4.42; 4.48; 4.5; 4.48; 4.48; 4.72; 4.18; 4.79; 4.3
26 - PE; PE; #ffff00; 0.0; 15.66; 15.65; 15.65; 15.58; 15.5; 15.45; 15.36; 15.25; 15.12; 15.04; 14.9; 14.73; 14.55; 14.39; 14.21; 14.01; 13.84; 13.67; 13.54; 13.49; 13.49; 13.58; 13.73; 13.92; 14.14; 14.34; 14.51; 14.66; 14.79; 14.88; 14.98; 15.01; 15.08; 15.1; 15.14; 15.15; 15.15; 15.17; 15.15; 15.13; 15.15; 15.14; 15.13; 15.1; 15.12; 15.09; 15.08; 15.06; 15.04; 15.03; 15.02; 14.98; 14.97; 14.94; 14.9; 14.89; 14.87; 14.84; 14.81; 14.76; 14.74; 14.71; 14.65; 14.63; 14.56; 14.53; 14.47; 14.44; 14.37; 14.31; 14.27; 14.2; 14.15; 14.13; 14.11; 14.08; 14.06; 14.03; 13.97; 13.9; 13.85; 13.79; 13.75; 13.67; 13.63; 13.56; 13.53; 13.48; 13.49; 13.49; 13.5; 13.5; 13.51; 13.52; 13.51; 13.51; 13.5; 13.52; 13.54; 13.53; 13.56; 13.55; 13.57; 13.57; 13.55; 13.54; 13.55; 13.52; 13.51; 13.49; 13.49; 13.49; 13.47; 13.47; 13.43; 13.45; 13.43; 13.44; 13.44; 13.44; 13.41; 13.42; 13.4; 13.37; 13.37; 13.35; 13.33; 13.29; 13.28; 13.26; 13.25; 13.23; 13.19; 13.19; 13.17; 13.15; 13.15; 13.12; 13.1; 13.1; 13.1; 13.08; 13.05; 13.01; 12.99; 12.96; 12.91; 12.83; 12.78; 12.69; 12.61; 12.52; 12.39; 12.3; 12.2; 12.08; 12.0; 11.87; 11.73; 11.57; 11.36; 11.1; 10.79; 10.47; 10.18; 10.06; 10.18; 10.31; 10.32; 10.24; 10.17; 10.04; 9.86; 9.66; 9.47; 9.22; 9.02; 8.91; 8.89; 8.86; 8.76; 8.6; 8.34; 8.05; 7.78; 7.53; 7.31; 7.1; 6.89; 6.66; 6.48; 6.32; 6.22; 6.17; 6.12; 6.11; 6.15; 6.25; 6.43; 6.65; 6.94; 7.21; 7.51; 7.76; 8.03; 8.28; 8.51; 8.68; 8.88; 9.03; 9.19; 9.34; 9.5; 9.63; 9.74; 9.83; 9.93; 10.02; 10.1; 10.18; 10.27; 10.33; 10.38; 10.44; 10.49; 10.55; 10.57; 10.6; 10.64; 10.67; 10.71; 10.72; 10.74; 10.76; 10.77; 10.79; 10.8; 10.8; 10.8; 10.8; 10.81; 10.81; 10.82; 10.82; 10.82; 10.83; 10.84; 10.85; 10.85; 10.87; 10.86; 10.84; 10.86; 10.87; 10.88; 10.88; 10.88; 10.92; 10.9; 10.9; 10.89; 10.88; 10.9; 10.9; 10.87; 10.86; 10.86; 10.86; 10.85; 10.82; 10.81; 10.8; 10.78; 10.77; 10.73; 10.72; 10.69; 10.67; 10.66; 10.62; 10.61; 10.54; 10.48; 10.46; 10.4; 10.34; 10.26; 10.21; 10.15; 10.09; 9.95; 9.83; 9.65; 9.49; 9.3; 9.05; 8.78; 8.49; 8.23; 7.99; 7.79; 7.59; 7.43; 7.24; 6.99; 6.7; 6.35; 6.23; 6.53; 7.04; 7.35; 7.48; 7.6; 7.61; 7.54; 7.44; 7.36; 7.27; 7.2; 7.0; 6.86; 6.8; 6.93; 7.02; 7.01; 7.0; 6.99; 7.03; 7.08; 7.12; 7.16; 7.16; 7.16; 7.13; 7.11; 7.12; 7.21; 7.3; 7.38; 7.45; 7.51; 7.53; 7.55; 7.6; 7.67; 7.7; 7.76; 7.8; 7.84; 7.86; 7.91; 7.98; 8.02; 8.1; 8.19; 8.22; 8.3; 8.42; 8.47; 8.48; 8.53; 8.56; 8.59; 8.62; 8.66; 8.69; 8.67; 8.68; 8.74; 8.78; 8.82; 8.83; 8.87; 8.88; 8.87; 8.89; 8.93; 8.95; 8.95; 8.95; 8.98; 8.95; 8.96; 8.96; 8.94; 8.95; 8.95; 8.94; 8.92; 8.87; 8.88; 8.88; 8.84; 8.82; 8.81; 8.78; 8.77; 8.75; 8.69; 8.63; 8.59; 8.57; 8.66; 8.77; 8.87; 8.95; 8.99; 9.03; 9.04; 9.04; 9.06; 9.05; 9.11; 9.15; 9.17; 9.16; 9.2; 9.2; 9.2; 9.22; 9.2; 9.23; 9.25; 9.28; 9.3; 9.28; 9.28; 9.27; 9.28; 9.29; 9.29; 9.3; 9.31; 9.29; 9.29; 9.28; 9.27; 9.29; 9.3; 9.3; 9.27; 9.25; 9.27; 9.28; 9.27; 9.29; 9.25; 9.24; 9.23; 9.25; 9.22; 9.21; 9.21; 9.17; 9.2; 9.17; 9.14; 9.12; 9.14; 9.09; 9.07; 9.06; 9.07; 9.09; 9.09; 9.07; 9.09; 9.06; 9.06; 9.08; 9.1; 9.09; 9.03; 9.08; 9.07; 9.08; 9.11; 9.1; 9.1; 9.12; 9.16; 9.2; 9.23; 9.18; 9.24; 9.37; 9.21; 9.22; 9.45; 9.37; 9.44; 9.51; 9.59; 9.69; 9.74; 9.79; 9.83; 9.97; 10.13; 10.14; 10.24; 10.52; 10.47; 10.49; 10.65; 10.38; 10.58; 10.79; 10.9; 10.98; 11.29; 11.23
25 - PVC; PVC; #ff8000; 0.0; 34.43; 34.53; 34.56; 34.57; 34.58; 34.56; 34.63; 34.61; 34.64; 34.71; 34.72; 34.71; 34.71; 34.74; 34.75; 34.76; 34.8; 34.8; 34.83; 34.84; 34.86; 34.88; 34.89; 34.87; 34.88; 34.88; 34.9; 34.89; 34.93; 34.92; 34.93; 34.95; 34.99; 34.99; 35.01; 34.99; 35.0; 35.04; 35.02; 35.02; 35.03; 35.06; 35.05; 35.03; 35.06; 35.03; 35.05; 35.04; 35.05; 35.04; 35.04; 35.03; 35.02; 35.03; 35.02; 35.02; 35.04; 35.01; 35.01; 35.01; 35.01; 35.0; 35.0; 35.02; 34.98; 35.0; 34.98; 34.99; 35.0; 34.98; 34.98; 34.97; 34.95; 34.96; 34.93; 34.92; 34.92; 34.92; 34.91; 34.88; 34.88; 34.87; 34.89; 34.88; 34.9; 34.88; 34.87; 34.84; 34.85; 34.85; 34.84; 34.81; 34.79; 34.78; 34.76; 34.75; 34.72; 34.71; 34.72; 34.67; 34.67; 34.64; 34.65; 34.63; 34.61; 34.59; 34.59; 34.57; 34.57; 34.53; 34.53; 34.52; 34.5; 34.49; 34.45; 34.44; 34.43; 34.43; 34.44; 34.41; 34.39; 34.4; 34.37; 34.35; 34.34; 34.33; 34.35; 34.3; 34.28; 34.28; 34.25; 34.25; 34.22; 34.19; 34.18; 34.16; 34.13; 34.08; 34.07; 34.05; 34.05; 34.01; 33.99; 33.93; 33.91; 33.87; 33.85; 33.76; 33.73; 33.65; 33.61; 33.57; 33.51; 33.48; 33.42; 33.32; 33.26; 33.16; 33.05; 32.88; 32.71; 32.54; 32.39; 32.24; 32.1; 31.93; 31.82; 31.72; 31.68; 31.64; 31.68; 31.63; 31.61; 31.55; 31.51; 31.44; 31.37; 31.27; 31.19; 31.08; 31.02; 30.97; 30.9; 30.83; 30.85; 30.88; 30.93; 31.0; 31.08; 31.18; 31.27; 31.33; 31.44; 31.51; 31.59; 31.65; 31.72; 31.77; 31.82; 31.83; 31.86; 31.87; 31.89; 31.85; 31.92; 31.92; 31.9; 31.87; 31.85; 31.81; 31.8; 31.76; 31.78; 31.76; 31.75; 31.72; 31.69; 31.7; 31.7; 31.7; 31.72; 31.7; 31.65; 31.63; 31.65; 31.67; 31.62; 31.58; 31.56; 31.56; 31.56; 31.54; 31.51; 31.49; 31.48; 31.47; 31.46; 31.4; 31.39; 31.36; 31.35; 31.32; 31.3; 31.26; 31.22; 31.2; 31.21; 31.18; 31.15; 31.15; 31.1; 31.04; 31.01; 30.99; 31.01; 30.94; 30.91; 30.87; 30.84; 30.78; 30.75; 30.71; 30.7; 30.65; 30.57; 30.53; 30.5; 30.49; 30.41; 30.34; 30.28; 30.24; 30.18; 30.13; 30.05; 30.04; 29.97; 29.91; 29.83; 29.75; 29.7; 29.59; 29.43; 29.37; 29.31; 29.18; 28.99; 28.92; 28.87; 28.82; 28.63; 28.45; 28.24; 28.0; 27.66; 27.21; 26.68; 26.18; 25.63; 25.29; 25.11; 25.15; 25.22; 25.3; 25.47; 25.54; 25.54; 25.61; 25.57; 25.71; 25.7; 25.63; 25.81; 25.87; 25.92; 25.97; 25.97; 25.92; 25.92; 25.83; 25.81; 25.81; 25.78; 25.76; 25.73; 25.69; 25.65; 25.59; 25.56; 25.57; 25.59; 25.61; 25.67; 25.7; 25.71; 25.76; 25.79; 25.8; 25.81; 25.78; 25.78; 25.8; 25.75; 25.76; 25.78; 25.74; 25.76; 25.76; 25.78; 25.76; 25.76; 25.78; 25.74; 25.7; 25.73; 25.7; 25.7; 25.72; 25.72; 25.69; 25.71; 25.71; 25.74; 25.73; 25.74; 25.76; 25.7; 25.67; 25.72; 25.73; 25.75; 25.73; 25.74; 25.77; 25.75; 25.77; 25.77; 25.76; 25.74; 25.74; 25.76; 25.73; 25.72; 25.72; 25.72; 25.69; 25.69; 25.73; 25.66; 25.6; 25.61; 25.67; 25.63; 25.62; 25.63; 25.62; 25.62; 25.58; 25.6; 25.62; 25.62; 25.63; 25.62; 25.59; 25.55; 25.57; 25.52; 25.5; 25.51; 25.47; 25.47; 25.45; 25.48; 25.44; 25.41; 25.44; 25.48; 25.45; 25.4; 25.36; 25.33; 25.35; 25.32; 25.31; 25.3; 25.28; 25.24; 25.21; 25.19; 25.23; 25.2; 25.18; 25.19; 25.14; 25.12; 25.11; 25.06; 25.08; 25.08; 25.06; 25.01; 24.95; 24.97; 25.0; 24.96; 24.95; 24.92; 24.88; 24.86; 24.93; 24.88; 24.82; 24.85; 24.8; 24.79; 24.79; 24.74; 24.73; 24.73; 24.67; 24.66; 24.68; 24.67; 24.64; 24.63; 24.62; 24.57; 24.57; 24.56; 24.59; 24.61; 24.59; 24.56; 24.57; 24.62; 24.66; 24.67; 24.75; 24.68; 24.79; 24.72; 24.8; 24.86; 24.83; 24.86; 25.09; 25.01; 25.15; 25.3; 25.2; 25.31; 25.28; 25.39; 25.45; 25.47; 25.38; 25.28; 25.25; 25.39; 25.14; 25.12; 25.17; 25.4; 25.25; 25.31; 25.22; 25.49; 25.54; 25.76; 25.75; 26.17; 25.98
24 - PVC; PVC; #ff8000; 0.0; 4.63; 4.65; 4.66; 4.67; 4.66; 4.7; 4.66; 4.68; 4.68; 4.7; 4.71; 4.71; 4.71; 4.71; 4.73; 4.73; 4.75; 4.74; 4.76; 4.76; 4.77; 4.78; 4.79; 4.8; 4.78; 4.8; 4.81; 4.8; 4.83; 4.81; 4.82; 4.82; 4.83; 4.83; 4.84; 4.84; 4.83; 4.85; 4.85; 4.85; 4.85; 4.86; 4.85; 4.85; 4.88; 4.86; 4.88; 4.87; 4.87; 4.88; 4.88; 4.88; 4.88; 4.88; 4.87; 4.88; 4.89; 4.9; 4.89; 4.9; 4.9; 4.9; 4.91; 4.94; 4.91; 4.92; 4.92; 4.93; 4.92; 4.93; 4.95; 4.94; 4.94; 4.95; 4.94; 4.95; 4.95; 4.95; 4.95; 4.96; 4.98; 4.97; 4.97; 4.97; 4.97; 4.98; 4.97; 4.97; 4.98; 4.98; 4.98; 4.98; 4.98; 4.99; 4.99; 4.98; 4.98; 4.98; 4.97; 4.97; 4.97; 4.98; 4.99; 4.99; 4.99; 4.99; 5.0; 4.99; 5.01; 4.97; 5.0; 5.01; 5.0; 5.01; 4.98; 5.02; 5.0; 5.02; 5.02; 5.02; 5.01; 5.01; 5.02; 5.02; 5.03; 5.03; 5.04; 5.02; 5.05; 5.04; 5.04; 5.05; 5.05; 5.06; 5.06; 5.05; 5.06; 5.05; 5.05; 5.05; 5.07; 5.06; 5.06; 5.06; 5.07; 5.06; 5.07; 5.06; 5.07; 5.08; 5.07; 5.08; 5.07; 5.08; 5.07; 5.07; 5.09; 5.08; 5.07; 5.08; 5.07; 5.07; 5.07; 5.07; 5.07; 5.08; 5.07; 5.07; 5.06; 5.06; 5.08; 5.08; 5.06; 5.06; 5.07; 5.06; 5.08; 5.07; 5.07; 5.06; 5.06; 5.07; 5.08; 5.06; 5.05; 5.06; 5.06; 5.07; 5.07; 5.08; 5.07; 5.05; 5.06; 5.06; 5.06; 5.06; 5.06; 5.06; 5.07; 5.06; 5.06; 5.05; 5.05; 5.05; 5.05; 5.05; 5.05; 5.03; 5.03; 5.03; 5.01; 5.02; 5.03; 5.03; 5.03; 5.02; 5.03; 5.02; 5.01; 5.03; 5.05; 5.04; 5.04; 5.03; 5.04; 5.05; 5.05; 5.03; 5.05; 5.05; 5.05; 5.05; 5.04; 5.06; 5.05; 5.07; 5.06; 5.04; 5.06; 5.05; 5.05; 5.05; 5.05; 5.05; 5.04; 5.04; 5.05; 5.05; 5.06; 5.07; 5.06; 5.04; 5.04; 5.04; 5.05; 5.04; 5.05; 5.06; 5.05; 5.06; 5.05; 5.04; 5.05; 5.05; 5.03; 5.03; 5.04; 5.04; 5.04; 5.04; 5.03; 5.03; 5.03; 5.02; 5.01; 5.02; 5.0; 5.02; 5.01; 5.0; 5.0; 4.99; 4.97; 4.96; 4.97; 4.96; 4.94; 4.96; 4.95; 4.97; 4.93; 4.92; 4.9; 4.88; 4.82; 4.77; 4.72; 4.64; 4.57; 4.54; 4.55; 4.56; 4.57; 4.6; 4.63; 4.65; 4.68; 4.71; 4.71; 4.76; 4.78; 4.8; 4.84; 4.84; 4.87; 4.89; 4.9; 4.89; 4.93; 4.91; 4.94; 4.94; 4.94; 4.93; 4.94; 4.95; 4.94; 4.91; 4.94; 4.95; 4.92; 4.91; 4.92; 4.91; 4.91; 4.9; 4.92; 4.91; 4.93; 4.91; 4.92; 4.91; 4.88; 4.88; 4.9; 4.88; 4.86; 4.87; 4.88; 4.87; 4.89; 4.89; 4.86; 4.87; 4.86; 4.87; 4.88; 4.9; 4.89; 4.85; 4.84; 4.86; 4.87; 4.87; 4.88; 4.89; 4.86; 4.82; 4.86; 4.88; 4.87; 4.89; 4.86; 4.86; 4.85; 4.87; 4.89; 4.89; 4.9; 4.9; 4.92; 4.88; 4.9; 4.89; 4.9; 4.88; 4.89; 4.89; 4.9; 4.87; 4.9; 4.9; 4.9; 4.88; 4.88; 4.88; 4.9; 4.9; 4.91; 4.87; 4.91; 4.91; 4.91; 4.9; 4.9; 4.92; 4.9; 4.91; 4.9; 4.89; 4.89; 4.88; 4.89; 4.91; 4.9; 4.91; 4.92; 4.92; 4.92; 4.92; 4.92; 4.91; 4.89; 4.91; 4.92; 4.91; 4.92; 4.9; 4.91; 4.93; 4.92; 4.91; 4.92; 4.92; 4.91; 4.93; 4.91; 4.92; 4.93; 4.92; 4.93; 4.91; 4.91; 4.94; 4.93; 4.92; 4.94; 4.9; 4.91; 4.94; 4.94; 4.92; 4.91; 4.91; 4.91; 4.93; 4.92; 4.92; 4.91; 4.91; 4.91; 4.91; 4.92; 4.93; 4.93; 4.89; 4.94; 4.91; 4.9; 4.91; 4.9; 4.93; 4.91; 4.9; 4.89; 4.89; 4.91; 4.89; 4.89; 4.85; 4.87; 4.92; 4.86; 4.86; 4.88; 4.96; 4.84; 4.71; 4.94; 4.77; 4.91; 4.92; 4.79; 4.9; 4.87; 4.84; 4.93; 5.02; 5.01; 4.74; 4.83; 4.89; 4.98; 4.74; 4.88; 4.38; 4.6; 4.6; 4.72; 4.52; 4.79; 4.39
23 - PVC; PVC; #ff8000; 0.0; 10.3; 10.32; 10.36; 10.34; 10.34; 10.37; 10.37; 10.38; 10.38; 10.39; 10.45; 10.43; 10.42; 10.43; 10.46; 10.46; 10.48; 10.47; 10.49; 10.49; 10.49; 10.51; 10.52; 10.53; 10.52; 10.51; 10.52; 10.53; 10.55; 10.55; 10.55; 10.53; 10.58; 10.57; 10.59; 10.58; 10.57; 10.59; 10.58; 10.6; 10.61; 10.61; 10.61; 10.6; 10.63; 10.61; 10.63; 10.62; 10.61; 10.63; 10.63; 10.61; 10.61; 10.61; 10.62; 10.62; 10.63; 10.63; 10.65; 10.63; 10.65; 10.64; 10.65; 10.66; 10.64; 10.66; 10.66; 10.67; 10.67; 10.67; 10.69; 10.68; 10.66; 10.68; 10.68; 10.67; 10.68; 10.68; 10.68; 10.68; 10.68; 10.68; 10.68; 10.67; 10.69; 10.68; 10.68; 10.69; 10.68; 10.68; 10.69; 10.67; 10.67; 10.68; 10.67; 10.68; 10.66; 10.66; 10.66; 10.65; 10.66; 10.64; 10.66; 10.65; 10.65; 10.65; 10.66; 10.65; 10.66; 10.63; 10.64; 10.65; 10.65; 10.65; 10.63; 10.65; 10.63; 10.65; 10.65; 10.65; 10.63; 10.66; 10.64; 10.64; 10.64; 10.64; 10.65; 10.63; 10.64; 10.64; 10.64; 10.65; 10.63; 10.64; 10.64; 10.63; 10.63; 10.62; 10.63; 10.61; 10.61; 10.63; 10.62; 10.61; 10.61; 10.61; 10.6; 10.59; 10.59; 10.59; 10.59; 10.58; 10.57; 10.58; 10.56; 10.55; 10.55; 10.54; 10.53; 10.51; 10.49; 10.47; 10.47; 10.45; 10.43; 10.41; 10.41; 10.39; 10.4; 10.37; 10.38; 10.38; 10.37; 10.36; 10.36; 10.34; 10.34; 10.34; 10.32; 10.31; 10.29; 10.31; 10.27; 10.26; 10.25; 10.27; 10.26; 10.28; 10.29; 10.29; 10.28; 10.27; 10.29; 10.3; 10.3; 10.3; 10.32; 10.31; 10.31; 10.3; 10.3; 10.3; 10.31; 10.28; 10.29; 10.29; 10.29; 10.27; 10.26; 10.24; 10.23; 10.23; 10.23; 10.23; 10.22; 10.21; 10.21; 10.2; 10.2; 10.22; 10.24; 10.21; 10.2; 10.19; 10.19; 10.21; 10.2; 10.19; 10.19; 10.19; 10.2; 10.18; 10.18; 10.17; 10.17; 10.18; 10.18; 10.15; 10.16; 10.15; 10.15; 10.15; 10.14; 10.13; 10.12; 10.12; 10.13; 10.12; 10.12; 10.12; 10.1; 10.08; 10.09; 10.08; 10.1; 10.06; 10.07; 10.08; 10.07; 10.06; 10.04; 10.03; 10.03; 10.02; 10.01; 10.01; 10.0; 9.99; 9.97; 9.97; 9.96; 9.95; 9.94; 9.91; 9.89; 9.9; 9.87; 9.87; 9.85; 9.83; 9.83; 9.8; 9.75; 9.74; 9.73; 9.7; 9.66; 9.66; 9.64; 9.65; 9.59; 9.55; 9.49; 9.45; 9.36; 9.25; 9.09; 8.94; 8.8; 8.71; 8.7; 8.71; 8.75; 8.78; 8.85; 8.89; 8.92; 8.96; 8.96; 9.04; 9.06; 9.05; 9.14; 9.15; 9.19; 9.22; 9.21; 9.23; 9.25; 9.22; 9.25; 9.25; 9.24; 9.24; 9.24; 9.23; 9.21; 9.18; 9.21; 9.2; 9.18; 9.16; 9.17; 9.15; 9.15; 9.16; 9.17; 9.14; 9.15; 9.15; 9.13; 9.14; 9.1; 9.09; 9.11; 9.09; 9.08; 9.09; 9.1; 9.08; 9.09; 9.09; 9.07; 9.04; 9.06; 9.07; 9.05; 9.07; 9.06; 9.03; 9.04; 9.04; 9.06; 9.05; 9.05; 9.07; 9.04; 9.0; 9.03; 9.04; 9.06; 9.05; 9.06; 9.05; 9.03; 9.05; 9.03; 9.04; 9.03; 9.04; 9.05; 9.04; 9.03; 9.03; 9.01; 9.02; 9.01; 9.01; 9.01; 8.99; 9.0; 9.01; 8.99; 9.01; 8.99; 9.0; 9.01; 9.0; 9.01; 8.99; 9.03; 9.02; 9.02; 9.0; 8.99; 9.0; 9.01; 8.99; 9.01; 8.96; 8.96; 8.95; 8.96; 8.97; 8.97; 8.95; 9.02; 8.98; 8.98; 8.97; 8.96; 8.96; 8.95; 8.94; 8.94; 8.96; 8.96; 8.93; 8.95; 8.95; 8.94; 8.92; 8.92; 8.91; 8.92; 8.92; 8.9; 8.91; 8.91; 8.9; 8.9; 8.88; 8.89; 8.92; 8.89; 8.89; 8.89; 8.89; 8.87; 8.92; 8.89; 8.87; 8.87; 8.86; 8.86; 8.88; 8.84; 8.86; 8.86; 8.83; 8.83; 8.85; 8.85; 8.82; 8.84; 8.83; 8.83; 8.82; 8.82; 8.81; 8.83; 8.84; 8.83; 8.84; 8.86; 8.86; 8.88; 8.91; 8.85; 8.87; 8.86; 8.86; 8.92; 8.82; 8.85; 8.9; 8.84; 8.86; 8.96; 8.96; 8.95; 8.92; 8.95; 8.89; 9.12; 9.06; 8.88; 9.09; 9.12; 9.02; 9.02; 9.01; 9.19; 8.98; 8.88; 8.77; 8.85; 8.84; 9.06; 8.87; 9.13; 8.83
22 - PVC; PVC; #ff8000; 0.0; 103.58; 103.66; 103.68; 103.67; 103.65; 103.58; 103.63; 103.62; 103.62; 103.79; 103.96; 104.13; 104.27; 104.59; 104.97; 105.4; 105.88; 106.24; 106.64; 106.97; 107.24; 107.48; 107.74; 107.93; 108.1; 108.25; 108.45; 108.58; 108.75; 108.92; 109.05; 109.14; 109.31; 109.41; 109.51; 109.55; 109.63; 109.71; 109.76; 109.79; 109.92; 110.02; 110.09; 110.11; 110.2; 110.17; 110.25; 110.3; 110.37; 110.39; 110.46; 110.36; 110.38; 110.32; 110.3; 110.26; 110.19; 110.16; 110.03; 109.95; 109.87; 109.8; 109.66; 109.61; 109.38; 109.28; 109.05; 108.99; 108.93; 108.84; 108.76; 108.6; 108.45; 108.41; 108.21; 108.06; 108.01; 108.01; 107.93; 107.91; 107.89; 107.97; 108.1; 108.19; 108.41; 108.48; 108.58; 108.65; 108.78; 108.93; 108.98; 109.08; 109.07; 109.19; 109.23; 109.31; 109.31; 109.42; 109.51; 109.57; 109.55; 109.64; 109.71; 109.81; 109.82; 109.83; 109.94; 110.0; 110.0; 110.02; 110.02; 110.12; 110.08; 110.13; 110.03; 110.07; 110.09; 110.12; 110.18; 110.15; 110.13; 110.24; 110.15; 110.15; 110.09; 110.05; 110.08; 110.06; 109.92; 109.93; 109.77; 109.78; 109.38; 109.46; 108.87; 108.91; 108.54; 108.51; 108.0; 107.9; 107.53; 107.53; 106.96; 107.02; 106.77; 106.35; 105.64; 104.76; 103.81; 102.94; 102.3; 101.81; 101.27; 100.63; 99.74; 98.76; 97.71; 96.5; 95.02; 93.25; 91.35; 89.56; 87.98; 86.54; 85.18; 83.89; 83.04; 82.4; 82.19; 82.06; 82.26; 82.29; 82.38; 82.19; 81.92; 81.44; 80.9; 80.21; 79.6; 78.99; 78.61; 78.24; 77.94; 77.77; 78.0; 78.43; 79.1; 79.87; 80.77; 81.69; 82.79; 83.87; 85.04; 86.06; 87.1; 88.04; 89.04; 90.0; 90.94; 91.74; 92.53; 93.3; 94.03; 94.64; 95.35; 95.95; 96.35; 96.73; 97.05; 97.36; 97.64; 97.86; 98.16; 98.4; 98.61; 98.83; 98.97; 99.18; 99.4; 99.59; 99.81; 99.95; 100.01; 100.1; 100.34; 100.56; 100.57; 100.6; 100.66; 100.83; 100.91; 100.99; 101.06; 101.12; 101.19; 101.3; 101.35; 101.33; 101.33; 101.36; 101.42; 101.45; 101.47; 101.41; 101.39; 101.44; 101.47; 101.49; 101.43; 101.54; 101.45; 101.39; 101.4; 101.46; 101.48; 101.44; 101.33; 101.35; 101.3; 101.23; 101.13; 101.12; 101.09; 101.02; 100.8; 100.72; 100.65; 100.7; 100.5; 100.29; 100.1; 99.98; 99.8; 99.56; 99.36; 99.24; 98.96; 98.69; 98.34; 97.95; 97.63; 97.04; 96.31; 95.86; 95.36; 94.52; 93.39; 92.54; 91.87; 90.94; 89.48; 87.83; 86.09; 84.15; 82.05; 79.64; 77.17; 74.71; 72.06; 70.0; 68.9; 68.86; 69.04; 69.25; 69.71; 69.72; 69.37; 69.22; 68.6; 68.52; 67.94; 67.34; 67.71; 67.97; 68.25; 68.6; 68.49; 68.09; 67.78; 67.24; 67.0; 67.0; 66.93; 66.86; 66.8; 66.63; 66.5; 66.3; 66.42; 66.65; 67.1; 67.74; 68.73; 69.57; 70.25; 70.81; 71.39; 71.74; 72.05; 72.33; 72.65; 72.98; 73.28; 73.6; 73.99; 74.23; 74.54; 74.87; 75.19; 75.38; 75.69; 75.83; 75.89; 75.95; 76.1; 76.19; 76.38; 76.66; 76.94; 77.11; 77.42; 77.75; 78.03; 78.19; 78.47; 78.72; 78.74; 78.97; 79.25; 79.43; 79.61; 79.8; 80.03; 80.28; 80.42; 80.64; 80.75; 80.89; 80.96; 81.03; 81.13; 81.16; 81.21; 81.34; 81.35; 81.3; 81.46; 81.6; 81.49; 81.45; 81.59; 81.89; 81.98; 82.05; 82.19; 82.37; 82.52; 82.63; 82.86; 83.08; 83.24; 83.31; 83.38; 83.42; 83.48; 83.56; 83.63; 83.77; 83.93; 84.0; 84.07; 84.32; 84.5; 84.51; 84.45; 84.58; 84.8; 84.76; 84.75; 84.64; 84.65; 84.73; 84.68; 84.61; 84.57; 84.47; 84.4; 84.32; 84.29; 84.34; 84.31; 84.3; 84.34; 84.3; 84.22; 84.15; 84.04; 84.07; 84.05; 84.0; 83.85; 83.73; 83.73; 83.71; 83.66; 83.67; 83.56; 83.42; 83.38; 83.46; 83.31; 83.11; 83.12; 82.94; 82.8; 82.71; 82.5; 82.37; 82.31; 82.1; 82.06; 82.0; 81.92; 81.72; 81.72; 81.67; 81.42; 81.31; 81.17; 81.03; 80.88; 80.65; 80.35; 80.03; 79.8; 79.6; 79.23; 78.91; 78.51; 77.98; 77.59; 77.11; 76.76; 76.38; 75.92; 75.63; 75.23; 74.84; 74.57; 74.01; 73.61; 72.86; 72.24; 71.69; 70.57; 69.86; 68.73; 68.03; 67.57; 67.05; 66.73; 66.86; 67.0; 67.53; 68.26; 68.82; 69.12; 69.74; 70.94; 71.27; 72.68; 73.52
21 - Acrylglas; Acrylglas; #000000; 0.0; 42.55; 42.73; 42.91; 43.07; 43.2; 43.37; 43.57; 43.73; 43.91; 44.16; 44.32; 44.44; 44.54; 44.67; 44.78; 44.86; 44.96; 44.99; 45.05; 45.1; 45.14; 45.18; 45.21; 45.23; 45.21; 45.21; 45.2; 45.21; 45.23; 45.21; 45.18; 45.15; 45.13; 45.11; 45.06; 44.99; 44.95; 44.94; 44.87; 44.81; 44.76; 44.69; 44.63; 44.53; 44.46; 44.35; 44.27; 44.17; 44.06; 43.95; 43.84; 43.69; 43.57; 43.47; 43.39; 43.34; 43.26; 43.16; 43.02; 42.89; 42.79; 42.65; 42.55; 42.51; 42.45; 42.45; 42.44; 42.5; 42.54; 42.57; 42.61; 42.62; 42.65; 42.66; 42.65; 42.6; 42.6; 42.58; 42.55; 42.51; 42.51; 42.47; 42.46; 42.42; 42.46; 42.42; 42.46; 42.48; 42.6; 42.65; 42.68; 42.68; 42.63; 42.63; 42.59; 42.56; 42.52; 42.52; 42.51; 42.47; 42.45; 42.41; 42.41; 42.41; 42.4; 42.35; 42.38; 42.31; 42.28; 42.18; 42.13; 42.08; 42.0; 41.92; 41.81; 41.74; 41.66; 41.57; 41.5; 41.38; 41.28; 41.17; 41.02; 40.84; 40.64; 40.37; 40.11; 39.73; 39.35; 39.01; 38.71; 38.47; 38.15; 37.79; 37.29; 36.71; 36.08; 35.39; 34.78; 34.16; 33.61; 33.02; 32.43; 31.81; 31.26; 30.76; 30.33; 29.87; 29.55; 29.2; 28.86; 28.41; 27.94; 27.55; 27.22; 26.82; 26.35; 25.76; 25.19; 24.66; 24.2; 23.8; 23.47; 23.16; 22.86; 22.55; 22.34; 22.19; 22.12; 22.05; 22.09; 22.13; 22.36; 22.76; 23.34; 23.98; 24.64; 25.23; 25.73; 26.18; 26.62; 27.03; 27.39; 27.75; 28.15; 28.58; 29.01; 29.47; 29.94; 30.39; 30.85; 31.32; 31.81; 32.22; 32.55; 32.8; 33.05; 33.21; 33.37; 33.44; 33.52; 33.56; 33.61; 33.62; 33.71; 33.77; 33.79; 33.81; 33.83; 33.85; 33.83; 33.81; 33.83; 33.8; 33.81; 33.82; 33.85; 33.88; 33.91; 33.93; 33.95; 33.91; 33.85; 33.8; 33.8; 33.78; 33.72; 33.61; 33.58; 33.54; 33.5; 33.44; 33.4; 33.31; 33.24; 33.18; 33.12; 33.02; 32.99; 32.91; 32.87; 32.79; 32.72; 32.6; 32.52; 32.46; 32.39; 32.29; 32.19; 32.12; 32.02; 31.89; 31.81; 31.68; 31.61; 31.43; 31.29; 31.13; 30.95; 30.73; 30.51; 30.28; 30.02; 29.68; 29.28; 28.84; 28.28; 27.66; 26.87; 25.93; 24.91; 23.81; 22.7; 21.66; 20.77; 20.15; 19.69; 19.42; 19.21; 19.01; 18.79; 18.53; 18.26; 18.19; 18.14; 17.99; 17.68; 17.35; 17.01; 16.71; 16.41; 16.23; 16.1; 16.04; 15.94; 15.82; 15.64; 15.47; 15.28; 15.17; 15.16; 15.17; 15.13; 15.09; 15.18; 15.26; 15.39; 15.66; 15.86; 16.16; 16.36; 16.48; 16.73; 16.81; 16.86; 16.89; 16.89; 16.91; 16.93; 16.85; 16.81; 16.74; 16.63; 16.56; 16.52; 16.5; 16.5; 16.51; 16.59; 16.67; 16.78; 16.89; 17.05; 17.17; 17.25; 17.31; 17.42; 17.46; 17.61; 17.79; 18.08; 18.49; 18.86; 19.2; 19.52; 19.77; 19.94; 20.04; 20.11; 20.12; 20.18; 20.22; 20.25; 20.31; 20.42; 20.49; 20.58; 20.69; 20.75; 20.8; 20.86; 20.94; 21.02; 21.06; 21.15; 21.28; 21.34; 21.42; 21.53; 21.64; 21.67; 21.71; 21.75; 21.77; 21.78; 21.78; 21.8; 21.86; 21.9; 21.95; 22.01; 22.04; 22.07; 22.09; 22.07; 22.07; 22.06; 22.09; 22.05; 22.0; 22.0; 22.05; 22.01; 22.0; 21.97; 21.97; 21.92; 21.86; 21.83; 21.82; 21.8; 21.75; 21.7; 21.64; 21.55; 21.52; 21.42; 21.35; 21.29; 21.2; 21.12; 21.06; 20.99; 20.89; 20.76; 20.68; 20.64; 20.54; 20.45; 20.35; 20.28; 20.22; 20.15; 20.06; 19.98; 19.9; 19.82; 19.71; 19.6; 19.55; 19.43; 19.34; 19.26; 19.13; 19.01; 18.91; 18.78; 18.69; 18.58; 18.45; 18.29; 18.11; 17.99; 17.83; 17.65; 17.46; 17.22; 16.96; 16.69; 16.46; 16.14; 15.88; 15.72; 15.69; 15.72; 15.78; 15.72; 15.65; 15.56; 15.41; 15.3; 15.19; 15.09; 14.96; 14.82; 14.61; 14.35; 14.05; 13.7; 13.33; 12.91; 12.47; 11.97; 11.56; 11.2; 10.9; 10.77; 10.71; 10.68; 10.8; 10.92; 11.23; 11.5; 11.75; 12.05; 12.48; 12.7; 13.13; 13.64; 14.1; 14.69; 15.31; 15.82; 16.56; 17.46; 17.93; 18.52; 19.15; 19.96; 20.61; 21.26; 21.88; 22.43; 22.92; 23.53; 24.03; 24.82; 25.42; 26.18; 26.57; 27.45; 27.84
20 - Acrylglas; Acrylglas; #000000; 0.0; 28.36; 28.51; 28.67; 28.8; 28.9; 29.05; 29.2; 29.33; 29.44; 29.61; 29.75; 29.86; 29.91; 29.99; 30.06; 30.08; 30.16; 30.19; 30.23; 30.25; 30.29; 30.3; 30.33; 30.33; 30.32; 30.32; 30.32; 30.33; 30.32; 30.33; 30.3; 30.28; 30.28; 30.25; 30.23; 30.19; 30.16; 30.14; 30.09; 30.04; 30.04; 29.98; 29.91; 29.85; 29.83; 29.72; 29.67; 29.6; 29.54; 29.44; 29.37; 29.26; 29.19; 29.13; 29.06; 29.01; 28.97; 28.88; 28.81; 28.69; 28.62; 28.54; 28.45; 28.43; 28.36; 28.38; 28.35; 28.38; 28.4; 28.39; 28.41; 28.41; 28.41; 28.41; 28.4; 28.35; 28.35; 28.33; 28.29; 28.27; 28.25; 28.21; 28.21; 28.17; 28.18; 28.16; 28.17; 28.18; 28.24; 28.27; 28.29; 28.26; 28.25; 28.24; 28.21; 28.18; 28.15; 28.16; 28.13; 28.11; 28.08; 28.05; 28.04; 28.04; 28.03; 27.99; 28.0; 27.96; 27.93; 27.85; 27.82; 27.79; 27.75; 27.69; 27.61; 27.57; 27.51; 27.45; 27.4; 27.31; 27.23; 27.17; 27.06; 26.94; 26.82; 26.65; 26.48; 26.23; 25.98; 25.77; 25.56; 25.38; 25.17; 24.91; 24.6; 24.24; 23.83; 23.42; 23.03; 22.68; 22.34; 21.99; 21.63; 21.25; 20.92; 20.62; 20.36; 20.08; 19.88; 19.68; 19.46; 19.19; 18.88; 18.63; 18.4; 18.15; 17.83; 17.47; 17.09; 16.76; 16.47; 16.21; 16.0; 15.81; 15.61; 15.42; 15.29; 15.2; 15.17; 15.12; 15.16; 15.2; 15.37; 15.65; 16.04; 16.47; 16.93; 17.32; 17.66; 17.97; 18.27; 18.54; 18.78; 19.02; 19.29; 19.58; 19.85; 20.16; 20.47; 20.76; 21.07; 21.36; 21.69; 21.95; 22.16; 22.33; 22.48; 22.6; 22.71; 22.75; 22.8; 22.82; 22.87; 22.88; 22.94; 22.98; 23.01; 23.02; 23.04; 23.04; 23.05; 23.03; 23.05; 23.05; 23.06; 23.06; 23.1; 23.12; 23.15; 23.16; 23.19; 23.16; 23.13; 23.1; 23.1; 23.11; 23.06; 23.02; 23.0; 22.99; 22.97; 22.94; 22.92; 22.87; 22.86; 22.83; 22.79; 22.73; 22.71; 22.67; 22.64; 22.6; 22.56; 22.49; 22.44; 22.4; 22.38; 22.31; 22.26; 22.22; 22.16; 22.07; 22.03; 21.96; 21.94; 21.81; 21.72; 21.64; 21.52; 21.39; 21.27; 21.11; 20.97; 20.75; 20.49; 20.2; 19.86; 19.44; 18.91; 18.29; 17.59; 16.86; 16.1; 15.4; 14.78; 14.36; 14.05; 13.88; 13.73; 13.59; 13.45; 13.27; 13.09; 13.05; 13.02; 12.91; 12.71; 12.47; 12.25; 12.02; 11.81; 11.69; 11.6; 11.57; 11.49; 11.41; 11.3; 11.17; 11.04; 10.95; 10.93; 10.96; 10.92; 10.92; 10.96; 11.03; 11.15; 11.33; 11.46; 11.65; 11.79; 11.87; 12.03; 12.07; 12.09; 12.1; 12.1; 12.11; 12.14; 12.07; 12.08; 12.02; 11.94; 11.92; 11.92; 11.9; 11.91; 11.92; 12.02; 12.09; 12.17; 12.27; 12.4; 12.5; 12.6; 12.63; 12.74; 12.79; 12.92; 13.04; 13.28; 13.56; 13.83; 14.06; 14.29; 14.46; 14.58; 14.68; 14.72; 14.74; 14.78; 14.83; 14.85; 14.91; 15.0; 15.07; 15.14; 15.26; 15.31; 15.36; 15.4; 15.49; 15.53; 15.6; 15.69; 15.78; 15.83; 15.88; 16.01; 16.08; 16.12; 16.16; 16.19; 16.23; 16.23; 16.26; 16.29; 16.32; 16.38; 16.39; 16.46; 16.47; 16.5; 16.54; 16.53; 16.54; 16.54; 16.58; 16.55; 16.51; 16.53; 16.55; 16.55; 16.54; 16.53; 16.52; 16.5; 16.47; 16.46; 16.46; 16.46; 16.44; 16.41; 16.34; 16.32; 16.3; 16.24; 16.18; 16.15; 16.11; 16.06; 16.01; 15.98; 15.92; 15.83; 15.78; 15.76; 15.69; 15.63; 15.57; 15.51; 15.48; 15.42; 15.37; 15.34; 15.25; 15.21; 15.12; 15.08; 15.04; 14.96; 14.89; 14.8; 14.72; 14.64; 14.57; 14.47; 14.39; 14.31; 14.23; 14.12; 13.98; 13.91; 13.79; 13.66; 13.52; 13.38; 13.19; 13.04; 12.92; 12.7; 12.55; 12.42; 12.35; 12.29; 12.26; 12.16; 12.07; 11.95; 11.83; 11.73; 11.64; 11.54; 11.4; 11.27; 11.1; 10.88; 10.62; 10.3; 10.01; 9.63; 9.25; 8.82; 8.48; 8.19; 7.89; 7.74; 7.61; 7.54; 7.56; 7.64; 7.74; 7.84; 7.99; 8.07; 8.29; 8.45; 8.57; 8.95; 9.17; 9.38; 9.82; 10.13; 10.58; 11.04; 11.37; 11.69; 12.03; 12.59; 12.9; 13.2; 13.64; 14.13; 14.22; 14.72; 15.03; 15.42; 15.76; 16.33; 16.54; 17.0; 17.25
19 - Acrylglas; Acrylglas; #000000; 0.0; 7.07; 7.13; 7.14; 7.14; 7.17; 7.18; 7.24; 7.23; 7.23; 7.25; 7.32; 7.31; 7.32; 7.31; 7.36; 7.36; 7.38; 7.39; 7.4; 7.41; 7.43; 7.43; 7.45; 7.46; 7.46; 7.47; 7.45; 7.48; 7.5; 7.5; 7.51; 7.5; 7.52; 7.52; 7.52; 7.53; 7.53; 7.56; 7.55; 7.53; 7.56; 7.57; 7.56; 7.53; 7.56; 7.55; 7.56; 7.57; 7.56; 7.56; 7.55; 7.57; 7.56; 7.56; 7.55; 7.55; 7.58; 7.57; 7.56; 7.55; 7.57; 7.57; 7.56; 7.57; 7.57; 7.59; 7.57; 7.59; 7.6; 7.61; 7.63; 7.63; 7.63; 7.65; 7.64; 7.64; 7.65; 7.66; 7.66; 7.66; 7.67; 7.68; 7.68; 7.69; 7.7; 7.7; 7.71; 7.7; 7.72; 7.73; 7.74; 7.74; 7.75; 7.76; 7.75; 7.77; 7.75; 7.77; 7.76; 7.77; 7.77; 7.77; 7.78; 7.8; 7.79; 7.79; 7.8; 7.79; 7.81; 7.79; 7.8; 7.82; 7.81; 7.81; 7.8; 7.82; 7.81; 7.82; 7.83; 7.82; 7.81; 7.82; 7.81; 7.8; 7.81; 7.8; 7.78; 7.75; 7.75; 7.73; 7.73; 7.71; 7.7; 7.68; 7.66; 7.61; 7.57; 7.52; 7.47; 7.43; 7.4; 7.35; 7.31; 7.26; 7.22; 7.18; 7.15; 7.09; 7.08; 7.06; 7.03; 6.99; 6.94; 6.9; 6.87; 6.84; 6.78; 6.72; 6.66; 6.6; 6.54; 6.51; 6.47; 6.44; 6.4; 6.37; 6.34; 6.33; 6.33; 6.31; 6.33; 6.34; 6.38; 6.43; 6.51; 6.6; 6.69; 6.77; 6.83; 6.89; 6.94; 7.0; 7.04; 7.07; 7.12; 7.16; 7.2; 7.28; 7.33; 7.37; 7.42; 7.45; 7.52; 7.56; 7.59; 7.61; 7.64; 7.67; 7.67; 7.69; 7.71; 7.69; 7.71; 7.7; 7.73; 7.73; 7.73; 7.72; 7.74; 7.72; 7.73; 7.73; 7.74; 7.74; 7.76; 7.75; 7.77; 7.77; 7.79; 7.79; 7.81; 7.8; 7.79; 7.8; 7.81; 7.82; 7.82; 7.79; 7.81; 7.81; 7.82; 7.83; 7.81; 7.82; 7.82; 7.84; 7.83; 7.81; 7.83; 7.82; 7.82; 7.82; 7.81; 7.81; 7.81; 7.8; 7.81; 7.8; 7.82; 7.82; 7.8; 7.78; 7.78; 7.77; 7.79; 7.76; 7.76; 7.75; 7.75; 7.73; 7.71; 7.69; 7.67; 7.65; 7.61; 7.56; 7.51; 7.45; 7.37; 7.26; 7.13; 7.01; 6.85; 6.71; 6.56; 6.49; 6.42; 6.37; 6.35; 6.32; 6.29; 6.24; 6.18; 6.18; 6.17; 6.14; 6.08; 6.04; 5.97; 5.93; 5.86; 5.84; 5.8; 5.8; 5.75; 5.7; 5.64; 5.57; 5.51; 5.46; 5.47; 5.48; 5.48; 5.5; 5.54; 5.57; 5.62; 5.7; 5.74; 5.83; 5.88; 5.89; 5.97; 5.99; 6.02; 6.04; 6.05; 6.05; 6.08; 6.05; 6.09; 6.06; 6.06; 6.04; 6.05; 6.06; 6.05; 6.09; 6.1; 6.11; 6.15; 6.18; 6.24; 6.23; 6.26; 6.29; 6.31; 6.33; 6.37; 6.41; 6.47; 6.54; 6.6; 6.68; 6.73; 6.76; 6.79; 6.81; 6.85; 6.84; 6.85; 6.88; 6.88; 6.89; 6.92; 6.93; 6.96; 7.0; 7.02; 7.02; 7.02; 7.05; 7.06; 7.08; 7.11; 7.13; 7.13; 7.14; 7.18; 7.18; 7.23; 7.23; 7.25; 7.26; 7.22; 7.26; 7.27; 7.27; 7.3; 7.31; 7.32; 7.31; 7.32; 7.34; 7.33; 7.34; 7.33; 7.35; 7.35; 7.33; 7.34; 7.34; 7.35; 7.36; 7.35; 7.37; 7.37; 7.36; 7.37; 7.34; 7.37; 7.37; 7.37; 7.38; 7.35; 7.38; 7.35; 7.34; 7.34; 7.32; 7.33; 7.3; 7.33; 7.31; 7.3; 7.27; 7.29; 7.28; 7.27; 7.27; 7.23; 7.23; 7.22; 7.22; 7.22; 7.2; 7.19; 7.16; 7.17; 7.17; 7.14; 7.12; 7.12; 7.08; 7.08; 7.07; 7.03; 7.02; 7.02; 7.0; 6.97; 6.92; 6.91; 6.9; 6.86; 6.8; 6.77; 6.72; 6.68; 6.65; 6.58; 6.53; 6.5; 6.49; 6.48; 6.49; 6.45; 6.45; 6.43; 6.38; 6.34; 6.32; 6.31; 6.26; 6.22; 6.15; 6.09; 5.99; 5.9; 5.78; 5.64; 5.49; 5.3; 5.14; 5.03; 4.89; 4.81; 4.76; 4.66; 4.65; 4.63; 4.68; 4.7; 4.59; 4.67; 4.76; 4.64; 4.69; 4.8; 4.71; 4.87; 4.86; 4.83; 5.07; 5.09; 5.18; 5.14; 5.33; 5.39; 5.49; 5.48; 5.53; 5.81; 5.57; 5.55; 5.57; 5.66; 5.82; 5.89; 5.99; 6.02; 5.93
18 - Acrylglas; Acrylglas; #000000; 0.0; 29.22; 29.32; 29.43; 29.53; 29.62; 29.73; 29.85; 29.93; 30.08; 30.22; 30.33; 30.4; 30.44; 30.49; 30.56; 30.57; 30.64; 30.63; 30.66; 30.65; 30.67; 30.67; 30.68; 30.68; 30.63; 30.6; 30.6; 30.57; 30.56; 30.53; 30.48; 30.43; 30.43; 30.37; 30.33; 30.27; 30.22; 30.19; 30.11; 30.05; 30.01; 29.95; 29.88; 29.8; 29.75; 29.63; 29.58; 29.48; 29.4; 29.31; 29.22; 29.1; 29.0; 28.94; 28.85; 28.8; 28.74; 28.65; 28.55; 28.44; 28.36; 28.28; 28.19; 28.14; 28.08; 28.07; 28.04; 28.05; 28.06; 28.06; 28.07; 28.06; 28.06; 28.07; 28.03; 27.98; 27.97; 27.95; 27.91; 27.88; 27.86; 27.82; 27.8; 27.78; 27.78; 27.73; 27.73; 27.72; 27.78; 27.81; 27.81; 27.78; 27.75; 27.73; 27.69; 27.65; 27.61; 27.59; 27.59; 27.54; 27.51; 27.46; 27.47; 27.45; 27.43; 27.37; 27.38; 27.33; 27.29; 27.23; 27.19; 27.15; 27.1; 27.04; 26.96; 26.91; 26.84; 26.79; 26.74; 26.67; 26.59; 26.54; 26.43; 26.32; 26.2; 26.04; 25.88; 25.65; 25.42; 25.22; 25.05; 24.91; 24.74; 24.52; 24.23; 23.9; 23.51; 23.13; 22.76; 22.4; 22.07; 21.72; 21.38; 21.01; 20.68; 20.38; 20.13; 19.85; 19.66; 19.48; 19.28; 19.02; 18.74; 18.51; 18.3; 18.06; 17.78; 17.42; 17.07; 16.74; 16.46; 16.23; 16.03; 15.83; 15.64; 15.47; 15.33; 15.24; 15.2; 15.16; 15.19; 15.23; 15.37; 15.62; 15.99; 16.39; 16.8; 17.16; 17.47; 17.74; 18.01; 18.28; 18.5; 18.71; 18.98; 19.22; 19.49; 19.77; 20.06; 20.32; 20.6; 20.87; 21.15; 21.4; 21.58; 21.73; 21.87; 21.98; 22.06; 22.1; 22.15; 22.16; 22.2; 22.2; 22.27; 22.3; 22.33; 22.33; 22.35; 22.34; 22.35; 22.34; 22.35; 22.34; 22.36; 22.37; 22.38; 22.42; 22.44; 22.47; 22.49; 22.47; 22.43; 22.42; 22.42; 22.42; 22.39; 22.34; 22.32; 22.32; 22.29; 22.27; 22.25; 22.21; 22.18; 22.16; 22.13; 22.08; 22.08; 22.03; 22.01; 21.96; 21.95; 21.89; 21.85; 21.81; 21.78; 21.74; 21.69; 21.66; 21.6; 21.52; 21.48; 21.42; 21.38; 21.28; 21.21; 21.13; 21.02; 20.91; 20.79; 20.64; 20.5; 20.3; 20.05; 19.79; 19.48; 19.11; 18.64; 18.08; 17.44; 16.74; 16.06; 15.39; 14.82; 14.43; 14.14; 13.96; 13.84; 13.7; 13.57; 13.38; 13.22; 13.18; 13.15; 13.05; 12.83; 12.62; 12.39; 12.2; 12.0; 11.89; 11.8; 11.76; 11.69; 11.59; 11.48; 11.34; 11.22; 11.14; 11.11; 11.15; 11.13; 11.11; 11.16; 11.23; 11.34; 11.53; 11.66; 11.89; 12.02; 12.09; 12.27; 12.34; 12.37; 12.4; 12.4; 12.41; 12.42; 12.39; 12.38; 12.31; 12.25; 12.22; 12.2; 12.21; 12.19; 12.21; 12.28; 12.34; 12.41; 12.51; 12.61; 12.7; 12.76; 12.82; 12.89; 12.95; 13.03; 13.18; 13.38; 13.65; 13.89; 14.14; 14.34; 14.49; 14.65; 14.69; 14.74; 14.77; 14.8; 14.83; 14.86; 14.91; 14.99; 15.01; 15.08; 15.18; 15.24; 15.25; 15.3; 15.36; 15.41; 15.45; 15.54; 15.61; 15.64; 15.7; 15.81; 15.86; 15.9; 15.91; 15.94; 15.99; 15.97; 15.99; 16.01; 16.04; 16.1; 16.13; 16.18; 16.19; 16.22; 16.23; 16.23; 16.22; 16.24; 16.26; 16.24; 16.2; 16.21; 16.23; 16.21; 16.22; 16.2; 16.2; 16.16; 16.15; 16.15; 16.14; 16.13; 16.1; 16.07; 16.01; 15.99; 15.96; 15.9; 15.87; 15.82; 15.77; 15.73; 15.66; 15.66; 15.57; 15.49; 15.44; 15.42; 15.37; 15.32; 15.26; 15.18; 15.16; 15.11; 15.08; 15.04; 14.98; 14.93; 14.85; 14.79; 14.76; 14.71; 14.63; 14.58; 14.48; 14.4; 14.34; 14.26; 14.19; 14.12; 14.03; 13.92; 13.83; 13.72; 13.63; 13.49; 13.36; 13.16; 12.96; 12.76; 12.57; 12.33; 12.12; 12.04; 12.01; 12.07; 12.15; 12.14; 12.09; 12.03; 11.93; 11.85; 11.79; 11.72; 11.62; 11.49; 11.35; 11.14; 10.92; 10.71; 10.4; 10.1; 9.78; 9.38; 9.08; 8.8; 8.57; 8.5; 8.4; 8.33; 8.43; 8.56; 8.72; 8.87; 9.08; 9.26; 9.51; 9.73; 9.96; 10.39; 10.64; 11.06; 11.43; 11.77; 12.32; 12.76; 13.12; 13.54; 14.11; 14.4; 14.97; 15.2; 15.58; 16.24; 16.49; 17.09; 17.19; 17.74; 18.04; 18.58; 18.82; 19.46; 19.6
17 - Acrylglas; Acrylglas; #000000; 0.0; 40.21; 40.4; 40.54; 40.67; 40.8; 40.94; 41.12; 41.27; 41.42; 41.64; 41.78; 41.89; 41.98; 42.07; 42.13; 42.19; 42.27; 42.27; 42.32; 42.32; 42.32; 42.33; 42.36; 42.32; 42.3; 42.25; 42.26; 42.21; 42.19; 42.16; 42.13; 42.04; 42.01; 41.94; 41.89; 41.79; 41.74; 41.68; 41.59; 41.49; 41.45; 41.34; 41.25; 41.13; 41.04; 40.9; 40.82; 40.67; 40.55; 40.41; 40.29; 40.13; 39.98; 39.88; 39.79; 39.69; 39.61; 39.51; 39.35; 39.19; 39.06; 38.93; 38.81; 38.76; 38.67; 38.67; 38.64; 38.69; 38.69; 38.72; 38.75; 38.73; 38.75; 38.75; 38.71; 38.66; 38.65; 38.62; 38.57; 38.56; 38.52; 38.46; 38.46; 38.41; 38.43; 38.39; 38.41; 38.42; 38.5; 38.57; 38.58; 38.55; 38.52; 38.49; 38.45; 38.39; 38.36; 38.36; 38.35; 38.29; 38.26; 38.21; 38.2; 38.2; 38.18; 38.15; 38.15; 38.08; 38.05; 37.95; 37.9; 37.84; 37.78; 37.71; 37.59; 37.53; 37.45; 37.35; 37.29; 37.17; 37.05; 36.96; 36.82; 36.65; 36.48; 36.23; 36.0; 35.65; 35.32; 34.99; 34.72; 34.48; 34.2; 33.85; 33.4; 32.87; 32.28; 31.66; 31.09; 30.54; 30.03; 29.5; 28.97; 28.4; 27.9; 27.45; 27.07; 26.66; 26.37; 26.06; 25.75; 25.34; 24.92; 24.57; 24.25; 23.9; 23.48; 22.97; 22.43; 21.96; 21.57; 21.21; 20.92; 20.63; 20.36; 20.09; 19.91; 19.78; 19.72; 19.67; 19.69; 19.73; 19.92; 20.3; 20.81; 21.39; 21.99; 22.51; 22.96; 23.37; 23.75; 24.14; 24.45; 24.76; 25.13; 25.52; 25.91; 26.33; 26.75; 27.15; 27.58; 27.99; 28.45; 28.82; 29.12; 29.34; 29.56; 29.74; 29.85; 29.92; 30.0; 30.03; 30.07; 30.07; 30.15; 30.21; 30.24; 30.25; 30.27; 30.27; 30.27; 30.25; 30.26; 30.24; 30.24; 30.26; 30.28; 30.31; 30.35; 30.36; 30.39; 30.34; 30.29; 30.24; 30.25; 30.23; 30.19; 30.09; 30.05; 30.01; 29.99; 29.94; 29.89; 29.83; 29.78; 29.73; 29.67; 29.58; 29.55; 29.48; 29.44; 29.36; 29.3; 29.2; 29.13; 29.07; 29.0; 28.92; 28.85; 28.79; 28.68; 28.56; 28.5; 28.38; 28.31; 28.16; 28.03; 27.89; 27.74; 27.54; 27.35; 27.14; 26.91; 26.61; 26.24; 25.85; 25.35; 24.8; 24.07; 23.24; 22.29; 21.31; 20.32; 19.36; 18.58; 18.03; 17.62; 17.39; 17.2; 17.02; 16.84; 16.6; 16.35; 16.29; 16.25; 16.12; 15.85; 15.55; 15.26; 14.98; 14.72; 14.56; 14.45; 14.39; 14.31; 14.2; 14.05; 13.9; 13.74; 13.63; 13.61; 13.65; 13.61; 13.59; 13.64; 13.73; 13.86; 14.09; 14.28; 14.57; 14.76; 14.86; 15.11; 15.2; 15.22; 15.29; 15.27; 15.25; 15.3; 15.22; 15.18; 15.12; 15.03; 14.96; 14.94; 14.91; 14.89; 14.92; 14.98; 15.08; 15.18; 15.27; 15.42; 15.53; 15.6; 15.66; 15.75; 15.81; 15.92; 16.08; 16.37; 16.73; 17.07; 17.38; 17.69; 17.91; 18.07; 18.18; 18.25; 18.27; 18.31; 18.38; 18.39; 18.46; 18.55; 18.6; 18.69; 18.8; 18.85; 18.87; 18.95; 19.01; 19.07; 19.12; 19.23; 19.35; 19.39; 19.47; 19.58; 19.65; 19.69; 19.75; 19.76; 19.81; 19.8; 19.83; 19.86; 19.89; 19.95; 20.0; 20.06; 20.07; 20.1; 20.13; 20.11; 20.1; 20.14; 20.14; 20.1; 20.05; 20.07; 20.11; 20.09; 20.07; 20.06; 20.04; 20.0; 19.95; 19.93; 19.92; 19.92; 19.87; 19.82; 19.76; 19.69; 19.65; 19.57; 19.5; 19.46; 19.38; 19.3; 19.24; 19.2; 19.09; 18.99; 18.89; 18.86; 18.77; 18.69; 18.6; 18.51; 18.5; 18.43; 18.35; 18.28; 18.19; 18.12; 18.02; 17.96; 17.92; 17.8; 17.71; 17.63; 17.51; 17.42; 17.32; 17.2; 17.14; 17.02; 16.91; 16.77; 16.62; 16.52; 16.38; 16.25; 16.07; 15.9; 15.67; 15.47; 15.3; 15.06; 14.84; 14.71; 14.64; 14.65; 14.63; 14.55; 14.47; 14.37; 14.23; 14.12; 14.02; 13.91; 13.79; 13.64; 13.47; 13.24; 12.98; 12.65; 12.33; 11.92; 11.53; 11.11; 10.72; 10.43; 10.18; 10.07; 10.05; 10.04; 10.16; 10.37; 10.65; 10.94; 11.2; 11.51; 11.87; 12.1; 12.49; 13.05; 13.54; 14.11; 14.64; 15.18; 15.93; 16.65; 17.02; 17.79; 18.5; 19.05; 19.53; 20.26; 20.84; 21.46; 21.88; 22.68; 22.95; 23.76; 24.44; 25.18; 25.5; 26.31; 26.53
16 - Acrylglas; Acrylglas; #000000; 0.0; 38.0; 38.16; 38.28; 38.43; 38.55; 38.7; 38.9; 39.03; 39.19; 39.39; 39.55; 39.63; 39.7; 39.81; 39.88; 39.91; 40.01; 40.02; 40.04; 40.07; 40.11; 40.12; 40.13; 40.12; 40.11; 40.07; 40.06; 40.04; 40.03; 40.0; 39.96; 39.89; 39.87; 39.81; 39.75; 39.7; 39.64; 39.57; 39.51; 39.44; 39.38; 39.3; 39.22; 39.13; 39.07; 38.93; 38.87; 38.75; 38.65; 38.53; 38.42; 38.29; 38.17; 38.09; 38.0; 37.94; 37.88; 37.78; 37.67; 37.52; 37.4; 37.31; 37.21; 37.15; 37.09; 37.1; 37.1; 37.13; 37.16; 37.17; 37.23; 37.23; 37.26; 37.29; 37.24; 37.2; 37.19; 37.18; 37.16; 37.13; 37.12; 37.06; 37.07; 37.03; 37.08; 37.03; 37.07; 37.08; 37.18; 37.23; 37.26; 37.23; 37.21; 37.2; 37.16; 37.14; 37.11; 37.12; 37.12; 37.08; 37.05; 37.02; 37.04; 37.04; 37.01; 36.99; 36.98; 36.95; 36.92; 36.83; 36.8; 36.77; 36.71; 36.64; 36.56; 36.49; 36.43; 36.35; 36.31; 36.2; 36.11; 36.03; 35.89; 35.74; 35.58; 35.34; 35.14; 34.82; 34.51; 34.21; 33.94; 33.72; 33.45; 33.12; 32.69; 32.18; 31.62; 31.03; 30.48; 29.96; 29.47; 28.97; 28.46; 27.91; 27.43; 26.99; 26.63; 26.23; 25.95; 25.65; 25.34; 24.95; 24.51; 24.15; 23.84; 23.48; 23.06; 22.56; 22.04; 21.59; 21.21; 20.87; 20.59; 20.32; 20.07; 19.81; 19.64; 19.51; 19.47; 19.42; 19.46; 19.52; 19.73; 20.1; 20.62; 21.21; 21.81; 22.31; 22.78; 23.19; 23.59; 23.98; 24.3; 24.6; 24.99; 25.37; 25.78; 26.19; 26.63; 27.03; 27.46; 27.89; 28.33; 28.71; 29.01; 29.25; 29.47; 29.63; 29.77; 29.84; 29.92; 29.98; 30.03; 30.03; 30.13; 30.18; 30.23; 30.24; 30.28; 30.27; 30.29; 30.28; 30.29; 30.3; 30.31; 30.33; 30.36; 30.4; 30.45; 30.46; 30.5; 30.46; 30.43; 30.38; 30.4; 30.38; 30.34; 30.26; 30.24; 30.21; 30.2; 30.15; 30.12; 30.05; 30.02; 29.98; 29.94; 29.85; 29.83; 29.75; 29.72; 29.66; 29.61; 29.5; 29.45; 29.39; 29.33; 29.27; 29.19; 29.14; 29.04; 28.92; 28.87; 28.75; 28.69; 28.56; 28.43; 28.3; 28.14; 27.95; 27.76; 27.54; 27.34; 27.03; 26.65; 26.25; 25.74; 25.17; 24.41; 23.55; 22.6; 21.59; 20.57; 19.62; 18.81; 18.24; 17.83; 17.58; 17.4; 17.21; 17.02; 16.78; 16.56; 16.5; 16.45; 16.31; 16.02; 15.72; 15.41; 15.14; 14.86; 14.7; 14.58; 14.53; 14.45; 14.34; 14.19; 14.03; 13.87; 13.75; 13.71; 13.73; 13.7; 13.67; 13.71; 13.8; 13.94; 14.16; 14.31; 14.56; 14.71; 14.78; 14.97; 15.01; 15.04; 15.05; 15.03; 15.04; 15.05; 14.99; 14.93; 14.89; 14.81; 14.75; 14.74; 14.74; 14.74; 14.78; 14.89; 14.99; 15.1; 15.22; 15.41; 15.53; 15.67; 15.74; 15.85; 15.93; 16.08; 16.26; 16.57; 16.95; 17.33; 17.63; 17.94; 18.15; 18.33; 18.45; 18.51; 18.51; 18.55; 18.62; 18.69; 18.76; 18.89; 18.97; 19.1; 19.22; 19.31; 19.38; 19.47; 19.55; 19.64; 19.72; 19.85; 19.97; 20.05; 20.15; 20.29; 20.36; 20.44; 20.48; 20.54; 20.58; 20.58; 20.62; 20.67; 20.71; 20.78; 20.83; 20.89; 20.9; 20.94; 20.99; 20.98; 20.98; 20.99; 21.02; 21.0; 20.95; 20.97; 21.01; 20.99; 20.97; 20.97; 20.96; 20.94; 20.91; 20.89; 20.88; 20.86; 20.83; 20.78; 20.73; 20.67; 20.62; 20.58; 20.51; 20.46; 20.38; 20.33; 20.25; 20.21; 20.13; 20.03; 19.92; 19.91; 19.82; 19.73; 19.66; 19.59; 19.52; 19.47; 19.39; 19.32; 19.24; 19.17; 19.08; 18.98; 18.92; 18.82; 18.72; 18.64; 18.52; 18.42; 18.31; 18.19; 18.09; 18.02; 17.86; 17.72; 17.58; 17.46; 17.31; 17.13; 16.98; 16.78; 16.57; 16.34; 16.16; 15.94; 15.71; 15.58; 15.47; 15.43; 15.39; 15.28; 15.16; 15.03; 14.88; 14.73; 14.61; 14.49; 14.36; 14.19; 14.0; 13.7; 13.41; 13.06; 12.65; 12.24; 11.77; 11.28; 10.84; 10.48; 10.2; 10.06; 9.98; 9.97; 10.05; 10.16; 10.46; 10.7; 10.92; 11.19; 11.51; 11.75; 12.07; 12.67; 13.0; 13.58; 14.18; 14.56; 15.29; 16.01; 16.45; 17.0; 17.7; 18.19; 18.82; 19.19; 19.91; 20.42; 20.91; 21.64; 21.99; 22.46; 23.3; 23.67; 24.25; 25.08; 25.22
15 - Acrylglas; Acrylglas; #000000; 0.0; 87.26; 87.65; 88.05; 88.42; 88.88; 89.31; 89.79; 90.21; 90.69; 91.29; 91.76; 92.11; 92.38; 92.7; 92.92; 93.18; 93.4; 93.52; 93.66; 93.8; 93.92; 94.01; 94.16; 94.19; 94.24; 94.27; 94.33; 94.34; 94.38; 94.4; 94.39; 94.34; 94.32; 94.26; 94.2; 94.12; 94.08; 94.02; 93.92; 93.84; 93.75; 93.68; 93.56; 93.4; 93.3; 93.09; 92.99; 92.8; 92.63; 92.43; 92.25; 92.0; 91.82; 91.68; 91.56; 91.5; 91.41; 91.25; 91.04; 90.8; 90.6; 90.42; 90.26; 90.21; 90.15; 90.25; 90.29; 90.46; 90.62; 90.74; 90.9; 90.97; 91.12; 91.23; 91.27; 91.22; 91.27; 91.34; 91.33; 91.36; 91.37; 91.37; 91.44; 91.43; 91.61; 91.58; 91.73; 91.88; 92.18; 92.39; 92.56; 92.62; 92.62; 92.64; 92.66; 92.68; 92.67; 92.73; 92.86; 92.83; 92.83; 92.84; 92.96; 93.02; 93.07; 93.04; 93.15; 93.13; 93.13; 93.01; 93.0; 92.95; 92.88; 92.77; 92.64; 92.53; 92.45; 92.28; 92.21; 92.03; 91.86; 91.71; 91.45; 91.1; 90.74; 90.2; 89.72; 88.98; 88.21; 87.52; 86.9; 86.4; 85.8; 85.01; 83.98; 82.79; 81.48; 80.07; 78.8; 77.58; 76.48; 75.35; 74.18; 72.93; 71.85; 70.86; 70.06; 69.24; 68.58; 67.91; 67.24; 66.34; 65.42; 64.62; 63.97; 63.2; 62.29; 61.19; 60.1; 59.08; 58.22; 57.49; 56.89; 56.29; 55.73; 55.19; 54.81; 54.52; 54.42; 54.32; 54.41; 54.54; 55.04; 55.85; 57.05; 58.35; 59.75; 60.93; 61.99; 62.94; 63.89; 64.76; 65.52; 66.28; 67.22; 68.16; 69.15; 70.16; 71.25; 72.29; 73.42; 74.54; 75.72; 76.68; 77.54; 78.21; 78.86; 79.35; 79.78; 80.02; 80.28; 80.48; 80.7; 80.77; 81.1; 81.31; 81.5; 81.61; 81.77; 81.84; 81.94; 81.95; 82.07; 82.1; 82.2; 82.33; 82.47; 82.68; 82.85; 82.94; 83.07; 83.07; 83.02; 82.96; 83.04; 83.09; 83.01; 82.87; 82.86; 82.86; 82.85; 82.81; 82.74; 82.64; 82.58; 82.49; 82.43; 82.29; 82.24; 82.11; 82.1; 81.93; 81.82; 81.63; 81.52; 81.4; 81.28; 81.13; 80.95; 80.83; 80.63; 80.38; 80.21; 80.0; 79.81; 79.48; 79.12; 78.77; 78.37; 77.87; 77.39; 76.81; 76.18; 75.35; 74.33; 73.19; 71.8; 70.25; 68.21; 65.87; 63.31; 60.65; 58.02; 55.55; 53.51; 52.07; 51.05; 50.41; 49.91; 49.44; 48.95; 48.3; 47.69; 47.52; 47.43; 47.06; 46.29; 45.46; 44.73; 44.05; 43.36; 42.9; 42.59; 42.41; 42.18; 41.78; 41.26; 40.74; 40.18; 39.83; 39.68; 39.76; 39.71; 39.58; 39.77; 39.96; 40.25; 40.8; 41.16; 41.82; 42.17; 42.3; 42.82; 42.93; 42.91; 42.97; 42.96; 42.91; 42.98; 42.82; 42.68; 42.54; 42.34; 42.17; 42.11; 42.11; 42.14; 42.24; 42.49; 42.78; 43.11; 43.41; 43.86; 44.26; 44.52; 44.74; 45.03; 45.29; 45.66; 46.2; 47.01; 48.04; 49.02; 49.95; 50.78; 51.4; 51.87; 52.21; 52.35; 52.42; 52.59; 52.75; 52.98; 53.23; 53.59; 53.89; 54.21; 54.6; 54.91; 55.11; 55.43; 55.74; 56.02; 56.24; 56.64; 57.03; 57.32; 57.71; 58.1; 58.37; 58.6; 58.8; 58.98; 59.12; 59.24; 59.34; 59.48; 59.68; 59.91; 60.12; 60.37; 60.52; 60.66; 60.84; 60.87; 60.9; 61.03; 61.13; 61.05; 60.98; 61.07; 61.25; 61.27; 61.29; 61.29; 61.26; 61.22; 61.14; 61.13; 61.17; 61.16; 61.08; 61.0; 60.83; 60.71; 60.57; 60.38; 60.24; 60.15; 59.95; 59.78; 59.65; 59.51; 59.23; 58.9; 58.7; 58.57; 58.34; 58.11; 57.86; 57.67; 57.54; 57.38; 57.14; 56.92; 56.7; 56.44; 56.2; 55.96; 55.76; 55.47; 55.2; 54.92; 54.62; 54.28; 53.97; 53.59; 53.29; 52.98; 52.59; 52.17; 51.68; 51.28; 50.81; 50.34; 49.85; 49.24; 48.55; 47.89; 47.27; 46.53; 45.88; 45.45; 45.18; 45.04; 44.98; 44.69; 44.31; 43.91; 43.46; 43.04; 42.72; 42.34; 41.9; 41.43; 40.82; 39.94; 39.03; 37.95; 36.73; 35.39; 33.96; 32.43; 31.04; 29.81; 28.7; 27.9; 27.34; 26.96; 26.92; 27.05; 27.28; 27.76; 28.05; 28.48; 28.89; 29.32; 29.95; 30.86; 31.78; 32.92; 34.14; 35.63; 37.13; 38.75; 40.08; 41.45; 42.69; 43.96; 45.01; 46.31; 47.52; 48.83; 49.96; 51.05; 52.33; 53.54; 55.07; 56.28; 57.62; 58.72; 59.67
14 - Acrylglas; Acrylglas; #000000; 0.0; 57.58; 57.84; 58.07; 58.27; 58.47; 58.73; 59.01; 59.25; 59.5; 59.86; 60.14; 60.36; 60.51; 60.67; 60.81; 60.91; 61.04; 61.1; 61.15; 61.2; 61.24; 61.28; 61.3; 61.32; 61.3; 61.28; 61.28; 61.26; 61.25; 61.22; 61.19; 61.12; 61.08; 61.01; 60.93; 60.86; 60.8; 60.71; 60.63; 60.53; 60.47; 60.38; 60.25; 60.1; 60.0; 59.81; 59.72; 59.56; 59.43; 59.23; 59.06; 58.85; 58.67; 58.55; 58.41; 58.33; 58.22; 58.07; 57.9; 57.69; 57.53; 57.35; 57.21; 57.15; 57.05; 57.06; 57.06; 57.11; 57.19; 57.2; 57.28; 57.27; 57.33; 57.35; 57.33; 57.27; 57.26; 57.25; 57.21; 57.18; 57.16; 57.09; 57.11; 57.05; 57.12; 57.05; 57.12; 57.16; 57.29; 57.42; 57.45; 57.44; 57.4; 57.38; 57.34; 57.31; 57.25; 57.27; 57.29; 57.22; 57.18; 57.14; 57.18; 57.19; 57.17; 57.11; 57.14; 57.07; 57.02; 56.94; 56.86; 56.82; 56.72; 56.63; 56.5; 56.41; 56.31; 56.18; 56.11; 55.95; 55.82; 55.7; 55.49; 55.29; 55.03; 54.69; 54.34; 53.85; 53.34; 52.88; 52.45; 52.13; 51.73; 51.23; 50.56; 49.78; 48.92; 48.01; 47.15; 46.36; 45.62; 44.85; 44.06; 43.24; 42.5; 41.84; 41.28; 40.7; 40.25; 39.8; 39.33; 38.76; 38.15; 37.62; 37.17; 36.65; 36.04; 35.26; 34.5; 33.79; 33.2; 32.68; 32.24; 31.82; 31.4; 31.02; 30.74; 30.53; 30.45; 30.39; 30.4; 30.46; 30.76; 31.31; 32.1; 32.98; 33.89; 34.68; 35.36; 35.99; 36.58; 37.15; 37.64; 38.11; 38.67; 39.25; 39.87; 40.49; 41.15; 41.78; 42.43; 43.1; 43.78; 44.37; 44.84; 45.2; 45.56; 45.81; 46.03; 46.14; 46.26; 46.34; 46.43; 46.43; 46.58; 46.68; 46.75; 46.79; 46.83; 46.84; 46.86; 46.83; 46.87; 46.84; 46.88; 46.93; 46.96; 47.04; 47.11; 47.12; 47.17; 47.14; 47.08; 47.0; 47.01; 47.02; 46.93; 46.81; 46.76; 46.74; 46.7; 46.64; 46.57; 46.48; 46.42; 46.35; 46.27; 46.15; 46.11; 46.0; 45.95; 45.84; 45.76; 45.62; 45.52; 45.43; 45.33; 45.22; 45.1; 45.02; 44.85; 44.71; 44.59; 44.44; 44.32; 44.1; 43.9; 43.68; 43.44; 43.16; 42.87; 42.52; 42.19; 41.71; 41.15; 40.51; 39.74; 38.86; 37.69; 36.36; 34.87; 33.3; 31.72; 30.22; 28.96; 28.06; 27.44; 27.06; 26.77; 26.48; 26.18; 25.81; 25.45; 25.33; 25.25; 25.05; 24.63; 24.15; 23.69; 23.27; 22.86; 22.59; 22.43; 22.36; 22.23; 22.06; 21.81; 21.57; 21.33; 21.18; 21.13; 21.17; 21.13; 21.07; 21.18; 21.29; 21.51; 21.89; 22.15; 22.64; 22.93; 23.12; 23.48; 23.66; 23.69; 23.77; 23.77; 23.78; 23.8; 23.71; 23.65; 23.55; 23.41; 23.28; 23.22; 23.19; 23.17; 23.2; 23.31; 23.42; 23.57; 23.73; 23.95; 24.15; 24.26; 24.33; 24.47; 24.54; 24.73; 25.02; 25.46; 26.03; 26.59; 27.11; 27.6; 27.97; 28.25; 28.43; 28.55; 28.6; 28.66; 28.74; 28.81; 28.91; 29.06; 29.16; 29.29; 29.42; 29.55; 29.63; 29.72; 29.82; 29.92; 30.03; 30.18; 30.36; 30.46; 30.62; 30.83; 30.92; 31.02; 31.09; 31.15; 31.21; 31.22; 31.25; 31.28; 31.36; 31.46; 31.53; 31.65; 31.69; 31.73; 31.8; 31.8; 31.79; 31.81; 31.86; 31.79; 31.72; 31.75; 31.81; 31.77; 31.74; 31.7; 31.69; 31.64; 31.58; 31.54; 31.52; 31.47; 31.41; 31.33; 31.25; 31.13; 31.06; 30.93; 30.82; 30.75; 30.64; 30.53; 30.39; 30.32; 30.17; 29.97; 29.84; 29.78; 29.65; 29.51; 29.36; 29.24; 29.17; 29.05; 28.93; 28.81; 28.69; 28.54; 28.39; 28.28; 28.16; 27.99; 27.83; 27.69; 27.53; 27.35; 27.19; 27.0; 26.83; 26.68; 26.47; 26.26; 25.99; 25.79; 25.59; 25.33; 25.05; 24.76; 24.41; 24.04; 23.74; 23.35; 23.0; 22.78; 22.67; 22.62; 22.57; 22.44; 22.27; 22.11; 21.86; 21.66; 21.5; 21.34; 21.12; 20.88; 20.61; 20.2; 19.72; 19.18; 18.61; 17.98; 17.29; 16.57; 15.93; 15.36; 14.92; 14.6; 14.49; 14.39; 14.55; 14.75; 15.06; 15.44; 15.73; 16.12; 16.63; 17.1; 17.61; 18.26; 18.91; 19.71; 20.59; 21.32; 22.33; 23.43; 24.36; 25.09; 26.08; 26.87; 27.71; 28.47; 29.46; 30.27; 31.21; 31.93; 32.91; 33.6; 34.58; 35.57; 36.39; 37.11; 37.98
13 - Acrylglas; Acrylglas; #000000; 0.0; 14.23; 14.32; 14.4; 14.4; 14.45; 14.5; 14.57; 14.58; 14.64; 14.71; 14.77; 14.79; 14.81; 14.85; 14.89; 14.89; 14.92; 14.91; 14.94; 14.95; 14.95; 14.96; 14.95; 14.97; 14.96; 14.96; 14.96; 14.97; 14.98; 14.95; 14.95; 14.93; 14.93; 14.92; 14.93; 14.9; 14.88; 14.89; 14.85; 14.83; 14.83; 14.81; 14.79; 14.76; 14.77; 14.71; 14.7; 14.66; 14.65; 14.61; 14.57; 14.55; 14.51; 14.49; 14.47; 14.45; 14.45; 14.42; 14.38; 14.33; 14.32; 14.29; 14.26; 14.28; 14.24; 14.24; 14.24; 14.25; 14.26; 14.25; 14.3; 14.3; 14.29; 14.31; 14.3; 14.29; 14.3; 14.29; 14.29; 14.27; 14.27; 14.27; 14.27; 14.27; 14.29; 14.28; 14.28; 14.29; 14.32; 14.34; 14.34; 14.34; 14.33; 14.35; 14.32; 14.32; 14.31; 14.32; 14.31; 14.32; 14.31; 14.28; 14.3; 14.31; 14.3; 14.3; 14.31; 14.28; 14.3; 14.26; 14.25; 14.26; 14.23; 14.23; 14.19; 14.19; 14.16; 14.15; 14.13; 14.11; 14.08; 14.06; 14.03; 13.99; 13.96; 13.88; 13.84; 13.74; 13.65; 13.57; 13.52; 13.46; 13.38; 13.29; 13.17; 13.03; 12.86; 12.69; 12.53; 12.39; 12.25; 12.1; 11.94; 11.78; 11.66; 11.52; 11.41; 11.27; 11.19; 11.11; 11.01; 10.9; 10.76; 10.66; 10.57; 10.45; 10.32; 10.15; 9.98; 9.83; 9.69; 9.59; 9.5; 9.41; 9.32; 9.23; 9.18; 9.14; 9.12; 9.11; 9.12; 9.15; 9.21; 9.35; 9.54; 9.73; 9.94; 10.12; 10.27; 10.41; 10.54; 10.67; 10.78; 10.87; 10.99; 11.12; 11.25; 11.39; 11.54; 11.65; 11.79; 11.9; 12.04; 12.16; 12.25; 12.32; 12.39; 12.45; 12.5; 12.52; 12.55; 12.54; 12.58; 12.56; 12.6; 12.63; 12.63; 12.63; 12.64; 12.63; 12.64; 12.64; 12.66; 12.65; 12.66; 12.65; 12.68; 12.69; 12.69; 12.72; 12.74; 12.73; 12.7; 12.7; 12.7; 12.71; 12.7; 12.67; 12.67; 12.67; 12.67; 12.65; 12.65; 12.64; 12.64; 12.63; 12.62; 12.59; 12.59; 12.57; 12.56; 12.55; 12.55; 12.52; 12.49; 12.47; 12.46; 12.45; 12.45; 12.43; 12.4; 12.36; 12.34; 12.33; 12.32; 12.26; 12.22; 12.2; 12.16; 12.11; 12.04; 11.98; 11.92; 11.83; 11.72; 11.6; 11.46; 11.28; 11.05; 10.78; 10.46; 10.15; 9.81; 9.48; 9.19; 9.0; 8.86; 8.78; 8.7; 8.64; 8.58; 8.48; 8.4; 8.38; 8.36; 8.31; 8.2; 8.1; 7.99; 7.89; 7.77; 7.72; 7.67; 7.66; 7.6; 7.54; 7.46; 7.38; 7.3; 7.23; 7.23; 7.25; 7.25; 7.25; 7.3; 7.35; 7.41; 7.51; 7.58; 7.71; 7.79; 7.84; 7.94; 7.96; 7.98; 8.02; 8.02; 8.03; 8.05; 8.04; 8.03; 8.01; 7.97; 7.95; 7.97; 7.98; 7.96; 7.99; 8.03; 8.07; 8.11; 8.17; 8.24; 8.28; 8.32; 8.36; 8.42; 8.43; 8.49; 8.57; 8.66; 8.82; 8.96; 9.06; 9.17; 9.25; 9.33; 9.36; 9.4; 9.39; 9.41; 9.45; 9.46; 9.47; 9.53; 9.58; 9.6; 9.65; 9.69; 9.68; 9.72; 9.76; 9.79; 9.82; 9.86; 9.92; 9.92; 9.95; 10.0; 10.05; 10.07; 10.09; 10.09; 10.1; 10.11; 10.12; 10.16; 10.17; 10.19; 10.21; 10.24; 10.23; 10.25; 10.27; 10.28; 10.27; 10.28; 10.3; 10.29; 10.28; 10.29; 10.29; 10.3; 10.32; 10.29; 10.29; 10.3; 10.27; 10.29; 10.27; 10.29; 10.29; 10.27; 10.24; 10.21; 10.23; 10.2; 10.19; 10.17; 10.14; 10.12; 10.08; 10.1; 10.05; 10.02; 9.98; 9.98; 9.98; 9.95; 9.92; 9.87; 9.87; 9.85; 9.83; 9.8; 9.77; 9.75; 9.72; 9.69; 9.69; 9.65; 9.62; 9.59; 9.54; 9.52; 9.47; 9.44; 9.42; 9.38; 9.34; 9.29; 9.22; 9.18; 9.17; 9.08; 9.02; 8.97; 8.87; 8.78; 8.74; 8.65; 8.54; 8.49; 8.45; 8.43; 8.47; 8.38; 8.34; 8.32; 8.25; 8.19; 8.16; 8.12; 8.04; 7.98; 7.86; 7.76; 7.64; 7.48; 7.33; 7.13; 6.93; 6.66; 6.48; 6.26; 6.1; 6.05; 6.01; 5.92; 5.93; 5.99; 6.07; 6.15; 6.1; 6.24; 6.37; 6.47; 6.52; 6.74; 6.73; 6.98; 7.12; 7.16; 7.51; 7.82; 7.81; 8.07; 8.32; 8.47; 8.56; 8.79; 8.91; 9.19; 9.23; 9.51; 9.61; 9.83; 10.02; 10.19; 10.25; 10.54; 10.64
12 - Acrylglas; Acrylglas; #000000; 0.0; 6.56; 6.56; 6.6; 6.63; 6.62; 6.63; 6.66; 6.65; 6.69; 6.7; 6.74; 6.74; 6.75; 6.77; 6.77; 6.77; 6.82; 6.81; 6.82; 6.83; 6.85; 6.85; 6.88; 6.88; 6.88; 6.88; 6.88; 6.88; 6.9; 6.89; 6.91; 6.91; 6.93; 6.93; 6.94; 6.94; 6.93; 6.95; 6.95; 6.95; 6.95; 6.96; 6.95; 6.94; 6.97; 6.95; 6.96; 6.96; 6.96; 6.97; 6.96; 6.95; 6.94; 6.97; 6.95; 6.96; 6.98; 6.97; 6.95; 6.95; 6.97; 6.97; 6.97; 6.97; 6.97; 6.97; 6.98; 6.99; 6.99; 7.01; 7.03; 7.03; 7.03; 7.04; 7.03; 7.04; 7.05; 7.05; 7.05; 7.05; 7.07; 7.06; 7.07; 7.07; 7.08; 7.07; 7.08; 7.1; 7.1; 7.1; 7.11; 7.11; 7.11; 7.13; 7.13; 7.12; 7.13; 7.13; 7.14; 7.13; 7.14; 7.13; 7.14; 7.16; 7.16; 7.17; 7.16; 7.17; 7.16; 7.15; 7.17; 7.18; 7.18; 7.18; 7.16; 7.18; 7.17; 7.19; 7.18; 7.19; 7.17; 7.18; 7.18; 7.16; 7.17; 7.18; 7.15; 7.13; 7.13; 7.1; 7.11; 7.1; 7.09; 7.07; 7.04; 7.02; 6.97; 6.93; 6.89; 6.87; 6.83; 6.79; 6.77; 6.71; 6.68; 6.66; 6.63; 6.57; 6.56; 6.55; 6.53; 6.5; 6.45; 6.43; 6.4; 6.36; 6.33; 6.27; 6.21; 6.17; 6.11; 6.08; 6.04; 6.01; 5.98; 5.96; 5.94; 5.92; 5.93; 5.91; 5.93; 5.94; 5.97; 6.01; 6.09; 6.16; 6.24; 6.3; 6.35; 6.4; 6.45; 6.51; 6.54; 6.56; 6.59; 6.64; 6.68; 6.75; 6.78; 6.81; 6.85; 6.88; 6.93; 6.96; 6.98; 7.0; 7.04; 7.06; 7.07; 7.08; 7.08; 7.08; 7.09; 7.08; 7.09; 7.11; 7.11; 7.09; 7.11; 7.1; 7.11; 7.1; 7.11; 7.11; 7.13; 7.12; 7.13; 7.13; 7.13; 7.16; 7.18; 7.17; 7.16; 7.17; 7.17; 7.19; 7.17; 7.16; 7.17; 7.18; 7.18; 7.18; 7.18; 7.18; 7.18; 7.2; 7.19; 7.18; 7.17; 7.17; 7.17; 7.17; 7.18; 7.17; 7.16; 7.16; 7.17; 7.17; 7.17; 7.19; 7.16; 7.14; 7.14; 7.13; 7.15; 7.13; 7.13; 7.13; 7.11; 7.1; 7.09; 7.06; 7.07; 7.03; 7.01; 6.97; 6.93; 6.87; 6.8; 6.73; 6.61; 6.51; 6.38; 6.25; 6.13; 6.06; 5.99; 5.97; 5.94; 5.91; 5.89; 5.85; 5.79; 5.78; 5.77; 5.73; 5.69; 5.66; 5.6; 5.56; 5.5; 5.48; 5.42; 5.42; 5.38; 5.35; 5.27; 5.21; 5.15; 5.11; 5.11; 5.13; 5.13; 5.15; 5.19; 5.22; 5.26; 5.34; 5.37; 5.48; 5.53; 5.55; 5.64; 5.67; 5.7; 5.72; 5.71; 5.73; 5.77; 5.75; 5.77; 5.74; 5.73; 5.74; 5.75; 5.76; 5.75; 5.76; 5.8; 5.81; 5.82; 5.86; 5.88; 5.88; 5.92; 5.92; 5.98; 5.98; 6.0; 6.03; 6.09; 6.17; 6.19; 6.26; 6.31; 6.34; 6.37; 6.39; 6.42; 6.42; 6.43; 6.46; 6.42; 6.46; 6.47; 6.51; 6.51; 6.54; 6.54; 6.54; 6.55; 6.58; 6.61; 6.61; 6.61; 6.64; 6.64; 6.63; 6.67; 6.69; 6.71; 6.7; 6.7; 6.73; 6.7; 6.71; 6.74; 6.74; 6.76; 6.76; 6.77; 6.76; 6.79; 6.79; 6.78; 6.78; 6.8; 6.81; 6.8; 6.79; 6.8; 6.81; 6.79; 6.81; 6.81; 6.8; 6.8; 6.82; 6.8; 6.8; 6.81; 6.82; 6.81; 6.79; 6.8; 6.82; 6.78; 6.78; 6.78; 6.76; 6.76; 6.73; 6.77; 6.75; 6.74; 6.69; 6.73; 6.72; 6.72; 6.69; 6.69; 6.69; 6.68; 6.66; 6.66; 6.64; 6.65; 6.62; 6.61; 6.63; 6.6; 6.59; 6.56; 6.55; 6.55; 6.53; 6.52; 6.49; 6.5; 6.47; 6.45; 6.41; 6.41; 6.4; 6.36; 6.33; 6.3; 6.24; 6.21; 6.2; 6.13; 6.08; 6.06; 6.06; 6.04; 6.03; 5.99; 5.98; 5.98; 5.94; 5.91; 5.88; 5.88; 5.84; 5.79; 5.74; 5.66; 5.56; 5.5; 5.39; 5.28; 5.12; 4.96; 4.79; 4.65; 4.54; 4.45; 4.36; 4.27; 4.26; 4.23; 4.21; 4.25; 4.23; 4.25; 4.31; 4.28; 4.22; 4.3; 4.28; 4.45; 4.46; 4.41; 4.57; 4.67; 4.55; 4.82; 4.82; 4.98; 4.93; 4.9; 4.96; 5.18; 4.96; 4.99; 5.0; 5.23; 5.25; 5.34; 5.12; 5.62; 5.25
11 - Acrylglas; Acrylglas; #000000; 0.0; 38.28; 38.44; 38.55; 38.64; 38.77; 38.9; 39.04; 39.16; 39.29; 39.47; 39.63; 39.7; 39.77; 39.84; 39.91; 39.95; 40.01; 40.02; 40.05; 40.06; 40.08; 40.08; 40.11; 40.07; 40.07; 40.02; 40.02; 39.99; 39.96; 39.95; 39.89; 39.83; 39.81; 39.74; 39.69; 39.62; 39.57; 39.51; 39.45; 39.36; 39.32; 39.22; 39.15; 39.05; 38.97; 38.85; 38.78; 38.66; 38.59; 38.46; 38.37; 38.21; 38.1; 38.02; 37.94; 37.87; 37.81; 37.71; 37.58; 37.44; 37.33; 37.24; 37.12; 37.08; 37.0; 37.01; 36.97; 37.01; 37.03; 37.03; 37.06; 37.05; 37.07; 37.07; 37.03; 36.99; 36.96; 36.95; 36.92; 36.87; 36.85; 36.81; 36.79; 36.74; 36.78; 36.73; 36.76; 36.76; 36.85; 36.9; 36.9; 36.87; 36.84; 36.82; 36.78; 36.74; 36.7; 36.69; 36.69; 36.62; 36.6; 36.57; 36.58; 36.56; 36.53; 36.5; 36.51; 36.44; 36.4; 36.33; 36.29; 36.25; 36.19; 36.11; 36.03; 35.98; 35.91; 35.84; 35.77; 35.67; 35.58; 35.5; 35.38; 35.23; 35.07; 34.86; 34.67; 34.37; 34.09; 33.82; 33.58; 33.35; 33.11; 32.78; 32.4; 31.93; 31.44; 30.9; 30.42; 29.94; 29.52; 29.05; 28.59; 28.08; 27.65; 27.24; 26.89; 26.53; 26.25; 25.96; 25.66; 25.29; 24.91; 24.6; 24.32; 24.0; 23.62; 23.15; 22.68; 22.23; 21.85; 21.53; 21.26; 21.01; 20.76; 20.51; 20.34; 20.2; 20.14; 20.07; 20.08; 20.12; 20.3; 20.63; 21.09; 21.6; 22.11; 22.56; 22.96; 23.31; 23.65; 23.98; 24.26; 24.51; 24.84; 25.17; 25.53; 25.88; 26.25; 26.6; 26.98; 27.35; 27.72; 28.07; 28.33; 28.54; 28.74; 28.9; 29.01; 29.08; 29.15; 29.18; 29.22; 29.22; 29.3; 29.35; 29.39; 29.38; 29.4; 29.4; 29.4; 29.37; 29.39; 29.37; 29.38; 29.4; 29.42; 29.45; 29.47; 29.47; 29.5; 29.47; 29.41; 29.36; 29.37; 29.35; 29.3; 29.22; 29.19; 29.16; 29.15; 29.1; 29.06; 28.99; 28.96; 28.91; 28.86; 28.78; 28.74; 28.66; 28.64; 28.56; 28.51; 28.41; 28.34; 28.28; 28.22; 28.17; 28.08; 28.02; 27.93; 27.82; 27.75; 27.67; 27.6; 27.45; 27.34; 27.23; 27.06; 26.9; 26.74; 26.55; 26.35; 26.08; 25.76; 25.41; 24.96; 24.47; 23.8; 23.06; 22.2; 21.33; 20.43; 19.57; 18.86; 18.36; 17.99; 17.77; 17.6; 17.4; 17.23; 16.99; 16.77; 16.71; 16.69; 16.55; 16.29; 16.01; 15.7; 15.45; 15.19; 15.03; 14.89; 14.83; 14.73; 14.6; 14.44; 14.26; 14.07; 13.96; 13.92; 13.94; 13.9; 13.88; 13.95; 14.03; 14.14; 14.35; 14.5; 14.76; 14.9; 14.97; 15.16; 15.21; 15.22; 15.26; 15.24; 15.24; 15.26; 15.21; 15.18; 15.11; 15.04; 14.98; 14.95; 14.94; 14.97; 14.98; 15.07; 15.16; 15.24; 15.36; 15.5; 15.6; 15.69; 15.74; 15.85; 15.91; 16.02; 16.2; 16.46; 16.81; 17.09; 17.39; 17.64; 17.82; 17.97; 18.04; 18.12; 18.12; 18.15; 18.21; 18.23; 18.27; 18.38; 18.43; 18.51; 18.62; 18.67; 18.71; 18.77; 18.86; 18.91; 18.94; 19.03; 19.15; 19.18; 19.26; 19.36; 19.43; 19.49; 19.52; 19.53; 19.56; 19.56; 19.58; 19.62; 19.66; 19.7; 19.73; 19.78; 19.79; 19.81; 19.82; 19.82; 19.8; 19.81; 19.84; 19.78; 19.74; 19.75; 19.79; 19.75; 19.74; 19.7; 19.7; 19.66; 19.6; 19.59; 19.59; 19.58; 19.55; 19.49; 19.44; 19.38; 19.35; 19.26; 19.2; 19.19; 19.1; 19.04; 18.96; 18.92; 18.85; 18.75; 18.67; 18.65; 18.58; 18.52; 18.43; 18.36; 18.31; 18.24; 18.19; 18.11; 18.04; 17.97; 17.88; 17.81; 17.75; 17.66; 17.57; 17.5; 17.39; 17.31; 17.2; 17.1; 17.04; 16.96; 16.84; 16.71; 16.58; 16.48; 16.36; 16.24; 16.11; 15.95; 15.8; 15.66; 15.57; 15.39; 15.22; 15.12; 15.0; 14.91; 14.84; 14.68; 14.57; 14.45; 14.31; 14.18; 14.11; 14.01; 13.9; 13.75; 13.59; 13.31; 13.1; 12.78; 12.49; 12.1; 11.72; 11.29; 10.94; 10.62; 10.37; 10.28; 10.15; 10.16; 10.27; 10.37; 10.57; 10.9; 11.12; 11.38; 11.73; 11.92; 12.3; 12.77; 13.17; 13.68; 14.28; 14.78; 15.46; 16.08; 16.61; 17.11; 17.81; 18.36; 18.85; 19.23; 19.91; 20.63; 21.08; 21.61; 22.07; 22.66; 23.38; 23.88; 24.2; 24.99; 25.26
10 - Acrylglas; Acrylglas; #000000; 0.0; 5.91; 5.91; 5.95; 5.96; 5.99; 6.0; 6.02; 6.03; 6.02; 6.03; 6.08; 6.07; 6.09; 6.11; 6.14; 6.14; 6.15; 6.16; 6.17; 6.18; 6.19; 6.21; 6.21; 6.21; 6.21; 6.22; 6.22; 6.23; 6.24; 6.25; 6.25; 6.24; 6.26; 6.25; 6.26; 6.27; 6.26; 6.29; 6.27; 6.26; 6.28; 6.28; 6.27; 6.27; 6.29; 6.27; 6.27; 6.27; 6.27; 6.26; 6.27; 6.26; 6.25; 6.26; 6.25; 6.25; 6.27; 6.25; 6.26; 6.24; 6.25; 6.25; 6.25; 6.25; 6.24; 6.26; 6.25; 6.27; 6.27; 6.26; 6.3; 6.29; 6.28; 6.31; 6.3; 6.3; 6.31; 6.31; 6.31; 6.32; 6.32; 6.32; 6.33; 6.33; 6.35; 6.34; 6.35; 6.35; 6.37; 6.38; 6.38; 6.38; 6.38; 6.39; 6.39; 6.39; 6.38; 6.4; 6.4; 6.4; 6.39; 6.4; 6.41; 6.42; 6.42; 6.43; 6.43; 6.43; 6.43; 6.43; 6.43; 6.43; 6.44; 6.44; 6.41; 6.43; 6.43; 6.44; 6.43; 6.43; 6.41; 6.43; 6.42; 6.41; 6.42; 6.4; 6.39; 6.36; 6.35; 6.33; 6.33; 6.32; 6.3; 6.29; 6.25; 6.23; 6.17; 6.13; 6.08; 6.05; 6.02; 5.98; 5.94; 5.9; 5.87; 5.84; 5.8; 5.74; 5.74; 5.71; 5.68; 5.65; 5.6; 5.58; 5.55; 5.52; 5.48; 5.41; 5.36; 5.3; 5.26; 5.22; 5.19; 5.16; 5.13; 5.1; 5.07; 5.06; 5.07; 5.05; 5.07; 5.07; 5.1; 5.14; 5.21; 5.28; 5.36; 5.42; 5.46; 5.52; 5.56; 5.63; 5.66; 5.69; 5.73; 5.76; 5.8; 5.86; 5.9; 5.94; 6.0; 6.02; 6.07; 6.11; 6.14; 6.16; 6.19; 6.21; 6.24; 6.23; 6.26; 6.26; 6.27; 6.25; 6.27; 6.29; 6.29; 6.28; 6.29; 6.3; 6.3; 6.29; 6.32; 6.29; 6.31; 6.31; 6.33; 6.32; 6.33; 6.35; 6.36; 6.36; 6.34; 6.36; 6.37; 6.37; 6.36; 6.36; 6.35; 6.36; 6.38; 6.38; 6.35; 6.37; 6.37; 6.38; 6.36; 6.35; 6.37; 6.37; 6.35; 6.36; 6.36; 6.35; 6.35; 6.34; 6.34; 6.35; 6.36; 6.35; 6.35; 6.32; 6.33; 6.32; 6.33; 6.31; 6.3; 6.3; 6.28; 6.27; 6.25; 6.24; 6.23; 6.19; 6.16; 6.14; 6.07; 6.01; 5.93; 5.86; 5.74; 5.62; 5.5; 5.37; 5.26; 5.19; 5.12; 5.1; 5.06; 5.04; 5.02; 4.97; 4.92; 4.91; 4.92; 4.89; 4.85; 4.8; 4.75; 4.71; 4.66; 4.64; 4.6; 4.59; 4.55; 4.52; 4.45; 4.41; 4.35; 4.3; 4.32; 4.33; 4.33; 4.34; 4.38; 4.4; 4.43; 4.49; 4.52; 4.6; 4.64; 4.66; 4.72; 4.73; 4.76; 4.76; 4.77; 4.77; 4.79; 4.77; 4.8; 4.77; 4.76; 4.76; 4.77; 4.8; 4.77; 4.79; 4.81; 4.82; 4.83; 4.87; 4.88; 4.92; 4.93; 4.95; 5.0; 4.99; 5.03; 5.05; 5.09; 5.17; 5.22; 5.27; 5.31; 5.35; 5.38; 5.4; 5.42; 5.42; 5.42; 5.45; 5.44; 5.46; 5.47; 5.5; 5.52; 5.56; 5.57; 5.56; 5.57; 5.61; 5.6; 5.61; 5.65; 5.66; 5.66; 5.65; 5.68; 5.72; 5.74; 5.74; 5.76; 5.76; 5.75; 5.78; 5.79; 5.79; 5.8; 5.82; 5.82; 5.81; 5.83; 5.85; 5.83; 5.85; 5.85; 5.85; 5.86; 5.84; 5.85; 5.87; 5.86; 5.86; 5.86; 5.87; 5.87; 5.87; 5.89; 5.88; 5.89; 5.89; 5.89; 5.87; 5.88; 5.9; 5.87; 5.86; 5.87; 5.84; 5.85; 5.82; 5.84; 5.82; 5.8; 5.81; 5.83; 5.8; 5.79; 5.8; 5.76; 5.77; 5.75; 5.76; 5.75; 5.73; 5.73; 5.7; 5.71; 5.72; 5.68; 5.69; 5.67; 5.64; 5.64; 5.62; 5.61; 5.61; 5.59; 5.57; 5.53; 5.51; 5.51; 5.5; 5.46; 5.42; 5.41; 5.38; 5.35; 5.35; 5.29; 5.26; 5.23; 5.19; 5.19; 5.18; 5.15; 5.12; 5.1; 5.08; 5.05; 5.02; 5.01; 4.98; 4.92; 4.88; 4.83; 4.77; 4.65; 4.57; 4.48; 4.35; 4.21; 4.07; 3.98; 3.85; 3.79; 3.77; 3.69; 3.68; 3.62; 3.67; 3.66; 3.68; 3.67; 3.7; 3.68; 3.66; 3.76; 3.8; 3.82; 3.92; 3.94; 4.13; 4.11; 4.06; 4.25; 4.22; 4.3; 4.37; 4.48; 4.46; 4.63; 4.56; 4.59; 4.58; 4.64; 4.73; 4.8; 4.78; 4.83; 4.57
09 - Acrylglas; Acrylglas; #000000; 0.0; 7.22; 7.25; 7.27; 7.29; 7.29; 7.33; 7.36; 7.37; 7.4; 7.42; 7.47; 7.45; 7.47; 7.49; 7.51; 7.52; 7.52; 7.55; 7.56; 7.57; 7.57; 7.58; 7.6; 7.6; 7.62; 7.61; 7.63; 7.65; 7.66; 7.65; 7.64; 7.65; 7.66; 7.68; 7.67; 7.69; 7.67; 7.7; 7.68; 7.67; 7.69; 7.69; 7.7; 7.68; 7.7; 7.7; 7.68; 7.69; 7.7; 7.7; 7.69; 7.69; 7.67; 7.67; 7.67; 7.69; 7.7; 7.69; 7.69; 7.68; 7.7; 7.69; 7.69; 7.7; 7.69; 7.7; 7.7; 7.72; 7.72; 7.72; 7.74; 7.75; 7.75; 7.77; 7.77; 7.76; 7.79; 7.79; 7.78; 7.79; 7.81; 7.79; 7.8; 7.8; 7.82; 7.81; 7.82; 7.84; 7.85; 7.85; 7.86; 7.86; 7.86; 7.88; 7.88; 7.88; 7.87; 7.89; 7.9; 7.89; 7.9; 7.89; 7.91; 7.92; 7.91; 7.93; 7.92; 7.92; 7.94; 7.92; 7.93; 7.93; 7.94; 7.94; 7.91; 7.94; 7.92; 7.94; 7.94; 7.95; 7.94; 7.94; 7.93; 7.92; 7.91; 7.9; 7.9; 7.86; 7.86; 7.84; 7.81; 7.81; 7.79; 7.77; 7.73; 7.67; 7.63; 7.57; 7.52; 7.48; 7.44; 7.4; 7.33; 7.28; 7.24; 7.19; 7.16; 7.09; 7.06; 7.05; 7.0; 6.96; 6.9; 6.86; 6.82; 6.78; 6.72; 6.64; 6.58; 6.5; 6.45; 6.4; 6.36; 6.32; 6.28; 6.23; 6.22; 6.2; 6.2; 6.18; 6.2; 6.22; 6.25; 6.3; 6.4; 6.49; 6.59; 6.68; 6.75; 6.8; 6.86; 6.94; 6.98; 7.0; 7.07; 7.12; 7.18; 7.23; 7.3; 7.35; 7.41; 7.45; 7.51; 7.57; 7.59; 7.62; 7.65; 7.67; 7.71; 7.72; 7.73; 7.73; 7.76; 7.73; 7.77; 7.78; 7.78; 7.77; 7.79; 7.77; 7.78; 7.79; 7.79; 7.81; 7.81; 7.81; 7.82; 7.83; 7.84; 7.86; 7.87; 7.87; 7.86; 7.86; 7.87; 7.87; 7.88; 7.86; 7.87; 7.88; 7.88; 7.89; 7.89; 7.89; 7.89; 7.9; 7.89; 7.87; 7.88; 7.88; 7.88; 7.88; 7.89; 7.87; 7.85; 7.85; 7.86; 7.86; 7.86; 7.87; 7.85; 7.83; 7.82; 7.82; 7.83; 7.8; 7.8; 7.79; 7.78; 7.76; 7.73; 7.71; 7.7; 7.66; 7.62; 7.58; 7.51; 7.45; 7.34; 7.23; 7.09; 6.93; 6.77; 6.61; 6.45; 6.36; 6.29; 6.26; 6.2; 6.17; 6.15; 6.11; 6.01; 6.01; 6.01; 5.98; 5.91; 5.86; 5.8; 5.75; 5.67; 5.62; 5.59; 5.58; 5.54; 5.5; 5.44; 5.36; 5.3; 5.24; 5.24; 5.25; 5.25; 5.26; 5.3; 5.34; 5.39; 5.44; 5.5; 5.57; 5.62; 5.64; 5.72; 5.74; 5.77; 5.77; 5.78; 5.79; 5.81; 5.79; 5.81; 5.77; 5.76; 5.76; 5.77; 5.79; 5.77; 5.78; 5.82; 5.84; 5.87; 5.91; 5.94; 5.98; 6.03; 6.04; 6.08; 6.1; 6.14; 6.19; 6.23; 6.33; 6.4; 6.46; 6.54; 6.56; 6.61; 6.64; 6.67; 6.65; 6.67; 6.68; 6.67; 6.72; 6.75; 6.76; 6.78; 6.86; 6.85; 6.83; 6.88; 6.9; 6.93; 6.93; 6.96; 7.0; 7.02; 7.0; 7.04; 7.06; 7.11; 7.1; 7.11; 7.14; 7.11; 7.15; 7.15; 7.14; 7.18; 7.2; 7.22; 7.2; 7.21; 7.22; 7.23; 7.24; 7.25; 7.25; 7.28; 7.24; 7.25; 7.27; 7.24; 7.26; 7.26; 7.26; 7.27; 7.25; 7.26; 7.27; 7.28; 7.28; 7.29; 7.27; 7.27; 7.28; 7.26; 7.25; 7.24; 7.24; 7.23; 7.21; 7.21; 7.19; 7.2; 7.16; 7.2; 7.17; 7.18; 7.16; 7.13; 7.13; 7.11; 7.1; 7.11; 7.09; 7.08; 7.05; 7.06; 7.05; 7.04; 7.0; 7.01; 6.97; 6.96; 6.95; 6.91; 6.9; 6.91; 6.87; 6.82; 6.79; 6.79; 6.77; 6.71; 6.7; 6.67; 6.6; 6.56; 6.57; 6.5; 6.46; 6.43; 6.38; 6.35; 6.35; 6.3; 6.26; 6.26; 6.22; 6.17; 6.11; 6.1; 6.07; 6.01; 5.93; 5.86; 5.77; 5.66; 5.55; 5.42; 5.22; 5.06; 4.87; 4.77; 4.61; 4.54; 4.47; 4.4; 4.4; 4.33; 4.37; 4.44; 4.43; 4.41; 4.49; 4.48; 4.48; 4.58; 4.64; 4.61; 4.77; 4.76; 4.74; 4.99; 5.13; 5.14; 5.1; 5.3; 5.36; 5.22; 5.6; 5.56; 5.39; 5.66; 5.5; 5.47; 5.58; 5.93; 5.68; 6.28; 5.75
08 - Acrylglas; Acrylglas; #000000; 0.0; 7.06; 7.08; 7.1; 7.12; 7.13; 7.16; 7.19; 7.17; 7.2; 7.21; 7.27; 7.27; 7.26; 7.28; 7.32; 7.31; 7.33; 7.35; 7.35; 7.37; 7.38; 7.4; 7.39; 7.41; 7.41; 7.41; 7.43; 7.43; 7.45; 7.46; 7.45; 7.46; 7.49; 7.47; 7.48; 7.49; 7.48; 7.51; 7.5; 7.5; 7.5; 7.51; 7.51; 7.5; 7.51; 7.5; 7.5; 7.51; 7.5; 7.51; 7.5; 7.51; 7.5; 7.51; 7.49; 7.5; 7.51; 7.5; 7.51; 7.49; 7.52; 7.51; 7.51; 7.52; 7.5; 7.52; 7.51; 7.54; 7.54; 7.55; 7.57; 7.57; 7.58; 7.59; 7.6; 7.59; 7.6; 7.6; 7.61; 7.6; 7.61; 7.62; 7.62; 7.63; 7.65; 7.64; 7.65; 7.65; 7.66; 7.67; 7.68; 7.67; 7.67; 7.68; 7.69; 7.68; 7.69; 7.7; 7.7; 7.69; 7.71; 7.7; 7.71; 7.72; 7.7; 7.71; 7.73; 7.72; 7.73; 7.72; 7.73; 7.74; 7.75; 7.74; 7.72; 7.74; 7.73; 7.75; 7.76; 7.76; 7.74; 7.75; 7.74; 7.72; 7.74; 7.73; 7.72; 7.69; 7.69; 7.66; 7.68; 7.65; 7.64; 7.62; 7.59; 7.55; 7.53; 7.48; 7.43; 7.4; 7.37; 7.33; 7.29; 7.23; 7.22; 7.17; 7.15; 7.09; 7.08; 7.05; 7.02; 6.98; 6.93; 6.9; 6.87; 6.84; 6.8; 6.73; 6.68; 6.62; 6.55; 6.53; 6.5; 6.46; 6.43; 6.38; 6.36; 6.36; 6.36; 6.33; 6.36; 6.37; 6.38; 6.44; 6.53; 6.6; 6.69; 6.75; 6.81; 6.87; 6.91; 6.98; 7.02; 7.04; 7.09; 7.14; 7.18; 7.22; 7.28; 7.32; 7.36; 7.4; 7.45; 7.5; 7.52; 7.54; 7.57; 7.59; 7.61; 7.62; 7.63; 7.62; 7.64; 7.63; 7.64; 7.66; 7.66; 7.66; 7.66; 7.65; 7.66; 7.67; 7.67; 7.68; 7.68; 7.67; 7.69; 7.7; 7.7; 7.72; 7.74; 7.72; 7.73; 7.72; 7.74; 7.75; 7.75; 7.73; 7.75; 7.76; 7.76; 7.76; 7.75; 7.75; 7.75; 7.77; 7.77; 7.75; 7.75; 7.75; 7.76; 7.76; 7.76; 7.74; 7.73; 7.74; 7.74; 7.74; 7.75; 7.75; 7.73; 7.71; 7.71; 7.7; 7.71; 7.69; 7.69; 7.69; 7.67; 7.67; 7.64; 7.62; 7.63; 7.59; 7.55; 7.52; 7.46; 7.41; 7.34; 7.24; 7.12; 7.0; 6.87; 6.72; 6.59; 6.53; 6.46; 6.43; 6.4; 6.36; 6.34; 6.3; 6.23; 6.22; 6.21; 6.19; 6.14; 6.07; 6.04; 5.98; 5.92; 5.88; 5.85; 5.85; 5.8; 5.75; 5.69; 5.61; 5.55; 5.51; 5.51; 5.51; 5.52; 5.55; 5.56; 5.62; 5.67; 5.76; 5.8; 5.89; 5.95; 5.97; 6.07; 6.08; 6.14; 6.15; 6.16; 6.17; 6.19; 6.17; 6.22; 6.19; 6.17; 6.17; 6.19; 6.21; 6.18; 6.2; 6.24; 6.25; 6.26; 6.29; 6.34; 6.35; 6.38; 6.4; 6.45; 6.46; 6.47; 6.52; 6.57; 6.64; 6.69; 6.76; 6.83; 6.86; 6.9; 6.9; 6.92; 6.93; 6.95; 6.97; 6.95; 6.97; 7.01; 7.0; 7.01; 7.07; 7.08; 7.05; 7.06; 7.11; 7.12; 7.12; 7.15; 7.17; 7.18; 7.16; 7.21; 7.23; 7.24; 7.25; 7.25; 7.27; 7.25; 7.28; 7.29; 7.3; 7.33; 7.32; 7.33; 7.31; 7.33; 7.36; 7.36; 7.36; 7.37; 7.38; 7.38; 7.36; 7.38; 7.37; 7.36; 7.38; 7.35; 7.37; 7.37; 7.36; 7.37; 7.36; 7.38; 7.39; 7.37; 7.37; 7.35; 7.38; 7.36; 7.35; 7.33; 7.32; 7.32; 7.29; 7.3; 7.28; 7.29; 7.26; 7.29; 7.28; 7.24; 7.24; 7.22; 7.23; 7.2; 7.21; 7.2; 7.18; 7.19; 7.15; 7.18; 7.17; 7.15; 7.13; 7.13; 7.09; 7.09; 7.09; 7.05; 7.04; 7.02; 7.01; 6.98; 6.94; 6.94; 6.93; 6.91; 6.86; 6.84; 6.79; 6.74; 6.75; 6.69; 6.64; 6.61; 6.59; 6.56; 6.57; 6.52; 6.49; 6.47; 6.43; 6.39; 6.35; 6.34; 6.32; 6.27; 6.2; 6.11; 6.03; 5.93; 5.82; 5.72; 5.58; 5.38; 5.24; 5.11; 4.98; 4.91; 4.83; 4.74; 4.75; 4.73; 4.74; 4.78; 4.75; 4.75; 4.83; 4.72; 4.74; 4.87; 4.84; 4.83; 5.01; 5.03; 5.14; 5.29; 5.26; 5.31; 5.27; 5.42; 5.58; 5.57; 5.8; 5.7; 5.75; 5.62; 5.61; 5.74; 5.82; 5.93; 5.64; 6.1; 5.79
07 - Acrylglas; Acrylglas; #000000; 0.0; 7.18; 7.2; 7.22; 7.24; 7.25; 7.28; 7.31; 7.29; 7.31; 7.36; 7.38; 7.38; 7.39; 7.4; 7.43; 7.43; 7.45; 7.46; 7.48; 7.49; 7.49; 7.52; 7.52; 7.53; 7.52; 7.55; 7.54; 7.56; 7.58; 7.56; 7.58; 7.57; 7.59; 7.59; 7.61; 7.61; 7.59; 7.62; 7.62; 7.6; 7.63; 7.63; 7.64; 7.62; 7.65; 7.63; 7.62; 7.65; 7.64; 7.65; 7.64; 7.64; 7.63; 7.63; 7.62; 7.62; 7.64; 7.63; 7.64; 7.63; 7.64; 7.63; 7.63; 7.65; 7.63; 7.64; 7.64; 7.66; 7.66; 7.68; 7.7; 7.69; 7.69; 7.7; 7.71; 7.7; 7.73; 7.73; 7.73; 7.72; 7.74; 7.74; 7.75; 7.74; 7.78; 7.76; 7.76; 7.78; 7.79; 7.8; 7.81; 7.8; 7.81; 7.81; 7.82; 7.82; 7.82; 7.83; 7.84; 7.82; 7.84; 7.82; 7.84; 7.84; 7.85; 7.84; 7.86; 7.86; 7.86; 7.85; 7.86; 7.86; 7.86; 7.87; 7.85; 7.88; 7.86; 7.88; 7.87; 7.88; 7.86; 7.88; 7.86; 7.86; 7.86; 7.86; 7.86; 7.81; 7.82; 7.8; 7.79; 7.78; 7.75; 7.74; 7.71; 7.69; 7.64; 7.59; 7.55; 7.51; 7.48; 7.43; 7.41; 7.35; 7.32; 7.28; 7.25; 7.2; 7.18; 7.16; 7.12; 7.1; 7.04; 7.03; 6.98; 6.94; 6.9; 6.83; 6.77; 6.72; 6.66; 6.61; 6.58; 6.55; 6.51; 6.47; 6.46; 6.43; 6.44; 6.42; 6.44; 6.44; 6.47; 6.54; 6.61; 6.7; 6.78; 6.84; 6.9; 6.96; 7.02; 7.07; 7.11; 7.14; 7.19; 7.25; 7.29; 7.34; 7.4; 7.43; 7.49; 7.51; 7.58; 7.62; 7.64; 7.67; 7.7; 7.72; 7.74; 7.75; 7.76; 7.75; 7.77; 7.76; 7.79; 7.78; 7.79; 7.79; 7.8; 7.78; 7.79; 7.8; 7.81; 7.8; 7.81; 7.81; 7.82; 7.83; 7.83; 7.85; 7.87; 7.87; 7.86; 7.86; 7.87; 7.88; 7.87; 7.87; 7.87; 7.88; 7.88; 7.88; 7.87; 7.88; 7.89; 7.89; 7.89; 7.87; 7.9; 7.88; 7.89; 7.89; 7.9; 7.89; 7.86; 7.86; 7.87; 7.88; 7.88; 7.89; 7.87; 7.85; 7.86; 7.84; 7.86; 7.83; 7.83; 7.82; 7.81; 7.79; 7.77; 7.75; 7.76; 7.71; 7.68; 7.65; 7.58; 7.53; 7.45; 7.36; 7.23; 7.1; 6.97; 6.82; 6.69; 6.61; 6.54; 6.51; 6.48; 6.44; 6.42; 6.37; 6.31; 6.31; 6.3; 6.27; 6.21; 6.17; 6.12; 6.06; 6.01; 5.98; 5.93; 5.92; 5.88; 5.83; 5.78; 5.69; 5.63; 5.57; 5.58; 5.59; 5.6; 5.62; 5.66; 5.71; 5.76; 5.83; 5.89; 5.97; 6.02; 6.06; 6.16; 6.17; 6.2; 6.22; 6.23; 6.24; 6.26; 6.26; 6.28; 6.26; 6.23; 6.25; 6.24; 6.26; 6.25; 6.28; 6.31; 6.3; 6.33; 6.36; 6.41; 6.44; 6.45; 6.46; 6.5; 6.52; 6.55; 6.59; 6.66; 6.72; 6.76; 6.84; 6.91; 6.95; 6.99; 6.99; 7.02; 7.02; 7.03; 7.06; 7.06; 7.06; 7.08; 7.11; 7.11; 7.17; 7.17; 7.14; 7.17; 7.18; 7.21; 7.21; 7.24; 7.29; 7.27; 7.27; 7.28; 7.32; 7.34; 7.35; 7.35; 7.37; 7.35; 7.37; 7.4; 7.4; 7.42; 7.43; 7.43; 7.41; 7.45; 7.45; 7.45; 7.47; 7.47; 7.49; 7.49; 7.46; 7.48; 7.49; 7.48; 7.5; 7.48; 7.49; 7.5; 7.49; 7.49; 7.49; 7.5; 7.5; 7.51; 7.48; 7.49; 7.5; 7.48; 7.47; 7.45; 7.41; 7.43; 7.42; 7.42; 7.41; 7.4; 7.38; 7.42; 7.39; 7.37; 7.37; 7.33; 7.33; 7.33; 7.34; 7.31; 7.31; 7.31; 7.28; 7.26; 7.3; 7.26; 7.24; 7.25; 7.22; 7.2; 7.19; 7.17; 7.15; 7.13; 7.12; 7.09; 7.04; 7.04; 7.05; 7.0; 6.96; 6.95; 6.88; 6.85; 6.85; 6.79; 6.73; 6.7; 6.67; 6.66; 6.65; 6.62; 6.56; 6.57; 6.53; 6.48; 6.44; 6.43; 6.4; 6.36; 6.29; 6.19; 6.1; 6.01; 5.91; 5.77; 5.62; 5.45; 5.29; 5.11; 5.04; 4.95; 4.89; 4.76; 4.75; 4.75; 4.77; 4.8; 4.66; 4.78; 4.85; 4.86; 4.71; 4.87; 4.86; 5.03; 5.09; 4.94; 5.16; 5.38; 5.34; 5.25; 5.53; 5.57; 5.52; 5.67; 5.73; 5.84; 5.78; 5.77; 5.61; 5.94; 5.78; 6.39; 6.03; 6.32; 6.16
06 - PET; PET; #00ff00; 0.0; 8.82; 8.87; 8.86; 8.87; 8.88; 8.88; 8.9; 8.89; 8.9; 8.96; 8.98; 8.95; 8.96; 8.97; 9.03; 9.01; 9.02; 9.03; 9.05; 9.07; 9.07; 9.1; 9.09; 9.11; 9.13; 9.13; 9.14; 9.16; 9.17; 9.17; 9.17; 9.19; 9.21; 9.21; 9.22; 9.23; 9.23; 9.26; 9.25; 9.25; 9.28; 9.26; 9.27; 9.27; 9.29; 9.28; 9.29; 9.3; 9.3; 9.31; 9.31; 9.32; 9.31; 9.32; 9.31; 9.31; 9.34; 9.33; 9.34; 9.34; 9.36; 9.36; 9.35; 9.37; 9.36; 9.36; 9.36; 9.37; 9.37; 9.38; 9.39; 9.39; 9.39; 9.4; 9.4; 9.4; 9.41; 9.41; 9.4; 9.4; 9.42; 9.42; 9.42; 9.43; 9.43; 9.45; 9.44; 9.45; 9.45; 9.46; 9.46; 9.47; 9.46; 9.48; 9.48; 9.48; 9.48; 9.49; 9.51; 9.48; 9.49; 9.49; 9.51; 9.5; 9.5; 9.51; 9.52; 9.51; 9.53; 9.51; 9.51; 9.54; 9.52; 9.52; 9.52; 9.54; 9.53; 9.53; 9.54; 9.53; 9.52; 9.53; 9.53; 9.51; 9.51; 9.5; 9.49; 9.45; 9.44; 9.41; 9.39; 9.33; 9.27; 9.2; 9.12; 9.04; 8.93; 8.83; 8.7; 8.58; 8.5; 8.45; 8.45; 8.5; 8.6; 8.7; 8.83; 8.92; 9.04; 9.11; 9.15; 9.16; 9.15; 9.18; 9.15; 9.13; 9.12; 9.09; 9.05; 9.02; 8.99; 8.97; 8.93; 8.91; 8.87; 8.82; 8.81; 8.76; 8.73; 8.68; 8.66; 8.63; 8.6; 8.57; 8.58; 8.55; 8.56; 8.55; 8.57; 8.55; 8.55; 8.58; 8.57; 8.57; 8.57; 8.59; 8.6; 8.63; 8.65; 8.67; 8.69; 8.69; 8.73; 8.76; 8.79; 8.82; 8.85; 8.89; 8.94; 8.97; 9.0; 9.03; 9.08; 9.09; 9.14; 9.16; 9.21; 9.21; 9.23; 9.25; 9.26; 9.28; 9.3; 9.31; 9.33; 9.33; 9.35; 9.37; 9.38; 9.4; 9.42; 9.42; 9.42; 9.43; 9.44; 9.47; 9.47; 9.45; 9.46; 9.48; 9.49; 9.5; 9.49; 9.5; 9.49; 9.51; 9.5; 9.49; 9.5; 9.49; 9.49; 9.5; 9.5; 9.5; 9.49; 9.5; 9.51; 9.51; 9.51; 9.52; 9.51; 9.48; 9.47; 9.47; 9.49; 9.46; 9.45; 9.47; 9.46; 9.45; 9.43; 9.42; 9.44; 9.41; 9.38; 9.38; 9.36; 9.36; 9.35; 9.36; 9.34; 9.33; 9.3; 9.27; 9.23; 9.23; 9.17; 9.12; 9.08; 9.01; 8.97; 8.91; 8.81; 8.75; 8.69; 8.63; 8.55; 8.54; 8.5; 8.48; 8.41; 8.36; 8.3; 8.26; 8.16; 8.07; 7.94; 7.8; 7.66; 7.56; 7.52; 7.49; 7.51; 7.51; 7.58; 7.64; 7.68; 7.72; 7.71; 7.78; 7.76; 7.72; 7.74; 7.72; 7.72; 7.71; 7.73; 7.74; 7.78; 7.76; 7.8; 7.81; 7.8; 7.83; 7.84; 7.89; 7.89; 7.94; 8.0; 8.02; 8.05; 8.07; 8.11; 8.13; 8.17; 8.2; 8.26; 8.29; 8.31; 8.33; 8.35; 8.37; 8.38; 8.38; 8.42; 8.43; 8.46; 8.47; 8.48; 8.49; 8.5; 8.55; 8.54; 8.57; 8.61; 8.62; 8.66; 8.69; 8.71; 8.72; 8.75; 8.78; 8.8; 8.82; 8.84; 8.89; 8.87; 8.85; 8.88; 8.91; 8.93; 8.91; 8.94; 8.94; 8.93; 8.95; 8.98; 8.96; 9.0; 8.99; 9.0; 9.01; 9.0; 9.04; 9.03; 9.04; 9.06; 9.09; 9.08; 9.07; 9.07; 9.08; 9.07; 9.08; 9.06; 9.07; 9.07; 9.05; 9.06; 9.06; 9.1; 9.1; 9.1; 9.09; 9.09; 9.1; 9.09; 9.07; 9.07; 9.06; 9.06; 9.06; 9.08; 9.08; 9.08; 9.08; 9.12; 9.09; 9.09; 9.08; 9.08; 9.07; 9.08; 9.05; 9.05; 9.02; 9.03; 8.99; 9.0; 9.04; 9.03; 9.01; 9.01; 8.98; 8.97; 8.94; 8.9; 8.88; 8.86; 8.84; 8.8; 8.77; 8.75; 8.72; 8.6; 8.49; 8.35; 8.2; 8.14; 8.23; 8.25; 8.22; 8.18; 8.12; 8.06; 8.01; 7.89; 7.79; 7.72; 7.58; 7.38; 7.16; 6.89; 6.58; 6.32; 6.05; 5.85; 5.71; 5.62; 5.5; 5.43; 5.36; 5.3; 5.3; 5.31; 5.29; 5.33; 5.34; 5.36; 5.4; 5.41; 5.56; 5.66; 5.69; 5.78; 5.96; 5.91; 6.02; 6.16; 6.02; 6.21; 6.24; 6.23; 6.45; 6.66; 6.53; 6.82; 6.87; 7.11; 6.94; 7.12; 7.14; 7.19; 7.11; 7.03; 7.07; 7.12; 7.13; 7.43; 7.32; 7.6; 7.15
05 - PET; PET; #00ff00; 0.0; 8.61; 8.63; 8.65; 8.64; 8.63; 8.65; 8.68; 8.68; 8.68; 8.71; 8.74; 8.73; 8.74; 8.75; 8.78; 8.79; 8.83; 8.83; 8.85; 8.88; 8.89; 8.93; 8.94; 8.96; 8.97; 8.98; 9.0; 9.04; 9.06; 9.06; 9.08; 9.1; 9.1; 9.12; 9.13; 9.14; 9.14; 9.17; 9.16; 9.15; 9.18; 9.17; 9.18; 9.17; 9.2; 9.17; 9.19; 9.2; 9.19; 9.19; 9.19; 9.18; 9.18; 9.18; 9.17; 9.17; 9.21; 9.19; 9.21; 9.18; 9.19; 9.19; 9.18; 9.2; 9.18; 9.17; 9.17; 9.17; 9.17; 9.17; 9.18; 9.17; 9.17; 9.18; 9.17; 9.18; 9.19; 9.19; 9.19; 9.18; 9.2; 9.19; 9.2; 9.2; 9.22; 9.22; 9.23; 9.24; 9.25; 9.26; 9.28; 9.28; 9.29; 9.31; 9.31; 9.31; 9.32; 9.33; 9.34; 9.33; 9.35; 9.34; 9.37; 9.38; 9.36; 9.37; 9.38; 9.38; 9.39; 9.38; 9.39; 9.4; 9.39; 9.41; 9.38; 9.4; 9.38; 9.4; 9.39; 9.39; 9.35; 9.34; 9.33; 9.29; 9.27; 9.24; 9.18; 9.1; 9.03; 8.92; 8.83; 8.68; 8.52; 8.34; 8.13; 7.9; 7.66; 7.42; 7.19; 6.98; 6.8; 6.71; 6.73; 6.81; 6.96; 7.16; 7.39; 7.64; 7.87; 8.05; 8.14; 8.18; 8.17; 8.18; 8.15; 8.09; 8.04; 7.98; 7.9; 7.82; 7.75; 7.69; 7.62; 7.54; 7.47; 7.39; 7.33; 7.24; 7.19; 7.11; 7.07; 7.0; 6.96; 6.92; 6.9; 6.88; 6.89; 6.88; 6.89; 6.88; 6.91; 6.94; 6.94; 6.94; 6.96; 6.97; 6.99; 7.04; 7.06; 7.1; 7.14; 7.17; 7.23; 7.29; 7.34; 7.4; 7.47; 7.56; 7.64; 7.72; 7.81; 7.89; 7.99; 8.06; 8.15; 8.23; 8.3; 8.36; 8.42; 8.47; 8.52; 8.57; 8.64; 8.68; 8.72; 8.75; 8.79; 8.83; 8.87; 8.9; 8.94; 8.96; 8.96; 8.99; 9.02; 9.04; 9.06; 9.05; 9.08; 9.1; 9.11; 9.12; 9.13; 9.14; 9.15; 9.16; 9.17; 9.14; 9.14; 9.12; 9.11; 9.12; 9.13; 9.14; 9.13; 9.15; 9.15; 9.17; 9.17; 9.16; 9.13; 9.1; 9.08; 9.07; 9.07; 9.04; 9.03; 9.02; 9.0; 9.0; 8.98; 8.98; 8.97; 8.93; 8.85; 8.82; 8.79; 8.8; 8.81; 8.81; 8.78; 8.75; 8.7; 8.63; 8.55; 8.49; 8.4; 8.28; 8.16; 8.04; 7.92; 7.78; 7.61; 7.52; 7.4; 7.28; 7.18; 7.12; 7.04; 6.98; 6.9; 6.84; 6.75; 6.71; 6.62; 6.52; 6.4; 6.29; 6.14; 6.02; 5.98; 5.94; 5.92; 5.92; 5.97; 6.01; 6.05; 6.09; 6.1; 6.1; 6.1; 6.04; 6.04; 5.99; 6.0; 5.99; 5.99; 6.0; 6.02; 6.02; 6.05; 6.03; 6.03; 6.06; 6.08; 6.12; 6.14; 6.19; 6.24; 6.28; 6.29; 6.33; 6.38; 6.44; 6.48; 6.53; 6.59; 6.61; 6.67; 6.7; 6.73; 6.78; 6.81; 6.82; 6.85; 6.88; 6.91; 6.93; 6.97; 6.98; 7.03; 7.08; 7.11; 7.19; 7.25; 7.29; 7.34; 7.4; 7.44; 7.44; 7.5; 7.58; 7.63; 7.66; 7.69; 7.75; 7.76; 7.75; 7.82; 7.84; 7.86; 7.88; 7.9; 7.94; 7.93; 7.98; 8.02; 8.01; 8.04; 8.05; 8.09; 8.1; 8.15; 8.18; 8.19; 8.22; 8.24; 8.27; 8.28; 8.26; 8.27; 8.29; 8.27; 8.27; 8.26; 8.25; 8.25; 8.25; 8.24; 8.25; 8.27; 8.28; 8.29; 8.29; 8.28; 8.3; 8.27; 8.26; 8.24; 8.24; 8.23; 8.22; 8.25; 8.26; 8.28; 8.25; 8.3; 8.28; 8.29; 8.28; 8.22; 8.24; 8.21; 8.17; 8.11; 8.07; 8.07; 8.05; 8.07; 8.08; 8.06; 8.04; 8.04; 7.98; 7.95; 7.88; 7.8; 7.76; 7.71; 7.67; 7.6; 7.53; 7.47; 7.36; 7.18; 6.93; 6.69; 6.46; 6.41; 6.49; 6.52; 6.49; 6.45; 6.36; 6.29; 6.21; 6.07; 5.96; 5.88; 5.75; 5.61; 5.47; 5.36; 5.25; 5.17; 5.13; 5.13; 5.14; 5.13; 5.14; 5.16; 5.17; 5.17; 5.18; 5.18; 5.23; 5.27; 5.3; 5.29; 5.34; 5.36; 5.43; 5.5; 5.41; 5.5; 5.67; 5.59; 5.64; 5.76; 5.72; 5.91; 5.99; 5.89; 5.93; 6.07; 6.09; 6.15; 6.36; 6.43; 6.29; 6.47; 6.6; 6.7; 6.54; 6.81; 6.57; 6.81; 6.84; 7.27; 6.98; 7.2; 7.06
04 - PET; PET; #00ff00; 0.0; 8.59; 8.63; 8.65; 8.66; 8.67; 8.64; 8.7; 8.69; 8.69; 8.72; 8.74; 8.74; 8.75; 8.75; 8.8; 8.79; 8.83; 8.82; 8.84; 8.86; 8.88; 8.88; 8.92; 8.91; 8.94; 8.95; 8.95; 8.96; 8.98; 9.01; 8.99; 9.01; 9.03; 9.04; 9.05; 9.05; 9.04; 9.08; 9.08; 9.08; 9.08; 9.09; 9.09; 9.08; 9.11; 9.11; 9.11; 9.11; 9.12; 9.12; 9.11; 9.12; 9.12; 9.1; 9.11; 9.12; 9.14; 9.14; 9.13; 9.13; 9.15; 9.15; 9.13; 9.14; 9.13; 9.16; 9.15; 9.15; 9.14; 9.14; 9.17; 9.16; 9.16; 9.18; 9.17; 9.17; 9.18; 9.17; 9.18; 9.17; 9.18; 9.18; 9.19; 9.19; 9.22; 9.21; 9.23; 9.23; 9.23; 9.24; 9.24; 9.23; 9.25; 9.27; 9.27; 9.27; 9.27; 9.28; 9.28; 9.27; 9.29; 9.28; 9.29; 9.3; 9.3; 9.3; 9.31; 9.31; 9.31; 9.29; 9.31; 9.32; 9.32; 9.32; 9.3; 9.32; 9.31; 9.32; 9.33; 9.32; 9.31; 9.31; 9.3; 9.28; 9.28; 9.26; 9.25; 9.19; 9.15; 9.11; 9.04; 8.97; 8.87; 8.78; 8.65; 8.52; 8.36; 8.21; 8.04; 7.89; 7.76; 7.69; 7.69; 7.75; 7.88; 8.03; 8.21; 8.36; 8.52; 8.62; 8.68; 8.72; 8.72; 8.72; 8.69; 8.67; 8.65; 8.6; 8.56; 8.49; 8.45; 8.42; 8.37; 8.31; 8.27; 8.21; 8.17; 8.12; 8.06; 8.01; 7.98; 7.94; 7.89; 7.87; 7.84; 7.84; 7.84; 7.85; 7.84; 7.84; 7.85; 7.88; 7.88; 7.88; 7.88; 7.9; 7.92; 7.95; 7.98; 8.0; 8.03; 8.05; 8.1; 8.14; 8.17; 8.21; 8.26; 8.32; 8.36; 8.42; 8.47; 8.51; 8.58; 8.62; 8.69; 8.74; 8.77; 8.8; 8.83; 8.85; 8.88; 8.91; 8.95; 8.97; 8.98; 8.99; 9.03; 9.05; 9.06; 9.09; 9.12; 9.13; 9.13; 9.14; 9.16; 9.18; 9.18; 9.17; 9.19; 9.2; 9.21; 9.21; 9.22; 9.24; 9.23; 9.24; 9.25; 9.22; 9.23; 9.22; 9.22; 9.22; 9.22; 9.21; 9.22; 9.23; 9.24; 9.25; 9.25; 9.24; 9.24; 9.19; 9.19; 9.19; 9.19; 9.17; 9.17; 9.18; 9.15; 9.15; 9.13; 9.12; 9.14; 9.1; 9.07; 9.04; 9.04; 9.04; 9.04; 9.04; 9.03; 9.02; 8.98; 8.94; 8.89; 8.86; 8.8; 8.74; 8.66; 8.58; 8.52; 8.43; 8.31; 8.22; 8.15; 8.07; 7.99; 7.95; 7.9; 7.85; 7.79; 7.73; 7.66; 7.61; 7.53; 7.43; 7.31; 7.18; 7.05; 6.93; 6.89; 6.88; 6.86; 6.87; 6.93; 6.97; 7.03; 7.08; 7.08; 7.13; 7.12; 7.09; 7.11; 7.1; 7.08; 7.09; 7.08; 7.11; 7.13; 7.13; 7.16; 7.16; 7.15; 7.17; 7.2; 7.22; 7.26; 7.28; 7.32; 7.36; 7.37; 7.43; 7.45; 7.49; 7.53; 7.55; 7.61; 7.66; 7.67; 7.7; 7.73; 7.76; 7.75; 7.79; 7.82; 7.84; 7.86; 7.88; 7.91; 7.93; 7.95; 7.99; 8.01; 8.06; 8.1; 8.12; 8.16; 8.2; 8.23; 8.21; 8.26; 8.3; 8.33; 8.34; 8.38; 8.41; 8.41; 8.41; 8.44; 8.47; 8.48; 8.49; 8.5; 8.5; 8.51; 8.53; 8.57; 8.55; 8.59; 8.58; 8.6; 8.61; 8.63; 8.66; 8.67; 8.71; 8.69; 8.7; 8.72; 8.7; 8.7; 8.7; 8.68; 8.7; 8.69; 8.69; 8.69; 8.67; 8.67; 8.68; 8.7; 8.72; 8.72; 8.72; 8.7; 8.73; 8.7; 8.68; 8.69; 8.65; 8.67; 8.64; 8.68; 8.68; 8.69; 8.68; 8.72; 8.7; 8.68; 8.69; 8.66; 8.67; 8.65; 8.63; 8.62; 8.58; 8.58; 8.56; 8.58; 8.58; 8.58; 8.57; 8.57; 8.52; 8.52; 8.46; 8.41; 8.38; 8.36; 8.33; 8.28; 8.23; 8.21; 8.13; 7.99; 7.81; 7.62; 7.42; 7.38; 7.45; 7.48; 7.46; 7.43; 7.33; 7.26; 7.18; 7.05; 6.94; 6.83; 6.69; 6.47; 6.23; 5.98; 5.72; 5.52; 5.36; 5.23; 5.18; 5.13; 5.09; 5.1; 5.11; 5.04; 5.06; 5.09; 5.16; 5.16; 5.21; 5.2; 5.25; 5.27; 5.4; 5.42; 5.42; 5.54; 5.59; 5.57; 5.61; 5.8; 5.77; 5.74; 5.97; 5.94; 6.08; 6.2; 6.04; 6.25; 6.5; 6.49; 6.54; 6.57; 6.84; 6.67; 6.65; 6.62; 6.54; 6.88; 6.92; 7.06; 6.98; 7.25; 7.06
03 - PET; PET; #00ff00; 0.0; 8.88; 8.91; 8.93; 8.92; 8.93; 8.93; 8.95; 8.95; 8.95; 8.98; 9.03; 9.01; 9.0; 9.03; 9.06; 9.05; 9.08; 9.07; 9.08; 9.1; 9.11; 9.14; 9.13; 9.15; 9.15; 9.17; 9.18; 9.19; 9.21; 9.23; 9.24; 9.21; 9.26; 9.27; 9.27; 9.26; 9.28; 9.3; 9.3; 9.3; 9.31; 9.33; 9.33; 9.31; 9.36; 9.33; 9.36; 9.34; 9.35; 9.36; 9.36; 9.36; 9.35; 9.36; 9.37; 9.37; 9.4; 9.38; 9.4; 9.39; 9.41; 9.4; 9.4; 9.41; 9.4; 9.4; 9.39; 9.41; 9.41; 9.42; 9.43; 9.43; 9.43; 9.46; 9.45; 9.43; 9.45; 9.46; 9.46; 9.45; 9.45; 9.46; 9.47; 9.48; 9.5; 9.49; 9.5; 9.49; 9.5; 9.51; 9.52; 9.51; 9.52; 9.52; 9.53; 9.53; 9.54; 9.54; 9.55; 9.54; 9.55; 9.54; 9.55; 9.56; 9.55; 9.56; 9.57; 9.55; 9.58; 9.56; 9.57; 9.57; 9.59; 9.58; 9.56; 9.58; 9.58; 9.57; 9.59; 9.58; 9.56; 9.57; 9.57; 9.56; 9.56; 9.54; 9.53; 9.49; 9.48; 9.46; 9.41; 9.38; 9.3; 9.24; 9.15; 9.04; 8.95; 8.83; 8.71; 8.61; 8.51; 8.46; 8.46; 8.51; 8.6; 8.72; 8.86; 8.95; 9.07; 9.14; 9.18; 9.2; 9.19; 9.2; 9.19; 9.17; 9.13; 9.1; 9.08; 9.05; 9.02; 8.98; 8.95; 8.92; 8.88; 8.85; 8.82; 8.78; 8.75; 8.71; 8.69; 8.65; 8.62; 8.6; 8.6; 8.58; 8.59; 8.6; 8.59; 8.61; 8.61; 8.64; 8.63; 8.62; 8.63; 8.66; 8.65; 8.69; 8.71; 8.73; 8.75; 8.77; 8.8; 8.82; 8.85; 8.88; 8.91; 8.96; 9.0; 9.03; 9.07; 9.11; 9.14; 9.16; 9.21; 9.23; 9.26; 9.26; 9.3; 9.31; 9.31; 9.33; 9.36; 9.37; 9.38; 9.38; 9.4; 9.42; 9.43; 9.45; 9.48; 9.47; 9.46; 9.49; 9.5; 9.51; 9.52; 9.5; 9.5; 9.52; 9.55; 9.54; 9.53; 9.55; 9.56; 9.57; 9.55; 9.53; 9.55; 9.54; 9.55; 9.53; 9.54; 9.53; 9.54; 9.54; 9.55; 9.56; 9.56; 9.56; 9.53; 9.52; 9.51; 9.52; 9.54; 9.5; 9.49; 9.5; 9.49; 9.49; 9.47; 9.47; 9.48; 9.46; 9.42; 9.4; 9.39; 9.4; 9.39; 9.39; 9.36; 9.36; 9.35; 9.3; 9.25; 9.25; 9.2; 9.16; 9.08; 9.04; 8.99; 8.93; 8.83; 8.77; 8.71; 8.66; 8.58; 8.55; 8.51; 8.49; 8.42; 8.38; 8.32; 8.27; 8.17; 8.07; 7.95; 7.81; 7.69; 7.57; 7.53; 7.51; 7.52; 7.54; 7.6; 7.64; 7.69; 7.72; 7.73; 7.78; 7.79; 7.73; 7.75; 7.72; 7.71; 7.72; 7.72; 7.72; 7.78; 7.76; 7.8; 7.8; 7.8; 7.83; 7.85; 7.88; 7.9; 7.95; 8.0; 8.03; 8.05; 8.06; 8.14; 8.16; 8.2; 8.23; 8.3; 8.32; 8.35; 8.34; 8.37; 8.4; 8.4; 8.44; 8.45; 8.47; 8.47; 8.49; 8.51; 8.52; 8.53; 8.58; 8.57; 8.6; 8.65; 8.67; 8.69; 8.73; 8.75; 8.76; 8.78; 8.8; 8.85; 8.84; 8.87; 8.9; 8.88; 8.88; 8.91; 8.92; 8.95; 8.95; 8.95; 8.97; 8.96; 8.99; 9.0; 9.01; 9.02; 9.03; 9.06; 9.03; 9.07; 9.08; 9.08; 9.09; 9.1; 9.12; 9.13; 9.09; 9.12; 9.13; 9.1; 9.1; 9.1; 9.1; 9.1; 9.09; 9.1; 9.09; 9.14; 9.14; 9.14; 9.13; 9.14; 9.15; 9.14; 9.13; 9.12; 9.09; 9.09; 9.1; 9.13; 9.11; 9.12; 9.12; 9.14; 9.14; 9.13; 9.12; 9.11; 9.09; 9.08; 9.09; 9.08; 9.06; 9.05; 9.03; 9.03; 9.06; 9.04; 9.03; 9.04; 9.01; 8.99; 8.98; 8.93; 8.92; 8.89; 8.87; 8.85; 8.8; 8.77; 8.74; 8.64; 8.51; 8.35; 8.22; 8.16; 8.23; 8.25; 8.24; 8.2; 8.15; 8.08; 8.01; 7.91; 7.79; 7.7; 7.56; 7.39; 7.14; 6.85; 6.57; 6.28; 6.03; 5.81; 5.7; 5.57; 5.5; 5.41; 5.38; 5.33; 5.32; 5.31; 5.32; 5.33; 5.39; 5.36; 5.44; 5.44; 5.55; 5.64; 5.72; 5.81; 5.93; 6.01; 5.92; 6.13; 6.13; 6.27; 6.24; 6.27; 6.5; 6.74; 6.59; 6.88; 6.9; 6.99; 7.04; 7.15; 7.31; 7.39; 7.11; 7.44; 7.15; 7.28; 7.21; 7.56; 7.28; 7.69; 7.24
02 - PET; PET; #00ff00; 0.0; 8.85; 8.89; 8.93; 8.91; 8.92; 8.93; 8.93; 8.96; 8.95; 8.97; 9.02; 9.01; 9.02; 9.02; 9.06; 9.05; 9.09; 9.08; 9.09; 9.1; 9.12; 9.12; 9.14; 9.15; 9.14; 9.17; 9.17; 9.17; 9.19; 9.21; 9.21; 9.21; 9.23; 9.24; 9.27; 9.26; 9.25; 9.29; 9.28; 9.27; 9.28; 9.3; 9.3; 9.3; 9.31; 9.3; 9.33; 9.33; 9.34; 9.33; 9.34; 9.35; 9.34; 9.35; 9.34; 9.35; 9.38; 9.38; 9.37; 9.37; 9.4; 9.39; 9.39; 9.41; 9.4; 9.41; 9.41; 9.41; 9.41; 9.43; 9.44; 9.43; 9.43; 9.45; 9.44; 9.43; 9.45; 9.46; 9.45; 9.45; 9.47; 9.46; 9.47; 9.46; 9.49; 9.47; 9.49; 9.48; 9.5; 9.5; 9.51; 9.51; 9.51; 9.52; 9.5; 9.52; 9.52; 9.52; 9.53; 9.52; 9.53; 9.51; 9.54; 9.54; 9.53; 9.54; 9.55; 9.54; 9.56; 9.54; 9.54; 9.57; 9.56; 9.56; 9.55; 9.57; 9.56; 9.57; 9.58; 9.57; 9.57; 9.58; 9.56; 9.56; 9.57; 9.57; 9.55; 9.53; 9.53; 9.48; 9.48; 9.45; 9.4; 9.36; 9.31; 9.24; 9.17; 9.09; 9.01; 8.94; 8.87; 8.83; 8.85; 8.88; 8.94; 9.01; 9.12; 9.18; 9.26; 9.3; 9.34; 9.36; 9.35; 9.36; 9.34; 9.32; 9.32; 9.3; 9.28; 9.25; 9.22; 9.21; 9.19; 9.18; 9.14; 9.11; 9.1; 9.06; 9.05; 9.02; 9.0; 8.97; 8.96; 8.94; 8.93; 8.92; 8.93; 8.93; 8.93; 8.92; 8.92; 8.95; 8.93; 8.93; 8.94; 8.95; 8.95; 8.97; 8.99; 9.01; 9.02; 9.02; 9.05; 9.08; 9.09; 9.11; 9.13; 9.17; 9.19; 9.22; 9.25; 9.26; 9.29; 9.3; 9.33; 9.35; 9.37; 9.36; 9.39; 9.38; 9.4; 9.41; 9.43; 9.44; 9.45; 9.44; 9.46; 9.47; 9.47; 9.5; 9.53; 9.52; 9.52; 9.53; 9.54; 9.54; 9.55; 9.53; 9.54; 9.55; 9.57; 9.56; 9.55; 9.56; 9.57; 9.59; 9.58; 9.56; 9.57; 9.56; 9.57; 9.56; 9.57; 9.56; 9.55; 9.56; 9.57; 9.57; 9.59; 9.59; 9.58; 9.54; 9.54; 9.55; 9.55; 9.54; 9.54; 9.55; 9.53; 9.52; 9.52; 9.51; 9.53; 9.51; 9.48; 9.48; 9.46; 9.47; 9.46; 9.46; 9.45; 9.43; 9.42; 9.39; 9.36; 9.37; 9.33; 9.29; 9.25; 9.2; 9.18; 9.14; 9.06; 9.01; 8.97; 8.91; 8.86; 8.83; 8.82; 8.8; 8.73; 8.71; 8.65; 8.61; 8.51; 8.41; 8.28; 8.15; 8.01; 7.91; 7.89; 7.87; 7.88; 7.9; 7.97; 8.02; 8.06; 8.13; 8.13; 8.19; 8.21; 8.17; 8.21; 8.19; 8.19; 8.2; 8.2; 8.25; 8.27; 8.26; 8.31; 8.3; 8.3; 8.32; 8.34; 8.37; 8.39; 8.4; 8.47; 8.48; 8.48; 8.52; 8.54; 8.56; 8.6; 8.63; 8.67; 8.68; 8.69; 8.71; 8.73; 8.75; 8.74; 8.75; 8.78; 8.79; 8.78; 8.79; 8.82; 8.82; 8.81; 8.86; 8.88; 8.88; 8.93; 8.93; 8.94; 9.0; 9.0; 9.0; 9.02; 9.03; 9.07; 9.06; 9.08; 9.09; 9.09; 9.04; 9.11; 9.13; 9.13; 9.12; 9.14; 9.14; 9.13; 9.15; 9.18; 9.17; 9.17; 9.18; 9.19; 9.19; 9.19; 9.21; 9.21; 9.23; 9.23; 9.25; 9.23; 9.22; 9.22; 9.25; 9.22; 9.23; 9.22; 9.22; 9.21; 9.22; 9.21; 9.22; 9.24; 9.25; 9.24; 9.24; 9.25; 9.25; 9.25; 9.24; 9.24; 9.21; 9.21; 9.21; 9.24; 9.24; 9.24; 9.24; 9.27; 9.25; 9.25; 9.24; 9.24; 9.22; 9.24; 9.21; 9.22; 9.2; 9.2; 9.17; 9.21; 9.21; 9.19; 9.2; 9.19; 9.16; 9.16; 9.15; 9.13; 9.1; 9.1; 9.09; 9.07; 9.01; 9.0; 8.99; 8.93; 8.83; 8.73; 8.61; 8.58; 8.64; 8.64; 8.61; 8.59; 8.55; 8.51; 8.48; 8.39; 8.29; 8.24; 8.13; 7.99; 7.78; 7.56; 7.27; 6.97; 6.71; 6.49; 6.31; 6.13; 5.97; 5.85; 5.77; 5.62; 5.6; 5.56; 5.53; 5.54; 5.54; 5.52; 5.6; 5.65; 5.79; 6.02; 6.09; 6.21; 6.37; 6.36; 6.52; 6.6; 6.63; 6.6; 6.79; 6.76; 6.85; 6.98; 7.11; 7.2; 7.41; 7.41; 7.38; 7.57; 7.71; 7.64; 7.58; 7.62; 7.27; 7.67; 7.33; 7.72; 7.58; 7.99; 7.65
01 - PET; PET; #00ff00; 0.0; 8.59; 8.63; 8.63; 8.64; 8.67; 8.67; 8.72; 8.71; 8.71; 8.77; 8.79; 8.78; 8.8; 8.8; 8.82; 8.83; 8.85; 8.85; 8.85; 8.87; 8.88; 8.9; 8.9; 8.9; 8.91; 8.91; 8.91; 8.91; 8.94; 8.93; 8.94; 8.94; 8.97; 8.97; 8.99; 8.99; 8.98; 9.01; 9.01; 9.0; 9.01; 9.02; 9.02; 9.02; 9.04; 9.02; 9.04; 9.05; 9.05; 9.06; 9.07; 9.07; 9.05; 9.07; 9.06; 9.06; 9.1; 9.08; 9.09; 9.09; 9.11; 9.11; 9.1; 9.12; 9.11; 9.13; 9.11; 9.13; 9.14; 9.13; 9.16; 9.15; 9.16; 9.16; 9.17; 9.17; 9.16; 9.19; 9.18; 9.18; 9.2; 9.18; 9.2; 9.19; 9.22; 9.21; 9.22; 9.22; 9.22; 9.23; 9.23; 9.23; 9.24; 9.25; 9.25; 9.25; 9.24; 9.24; 9.26; 9.24; 9.25; 9.25; 9.26; 9.26; 9.26; 9.26; 9.26; 9.27; 9.28; 9.27; 9.28; 9.28; 9.29; 9.29; 9.27; 9.29; 9.27; 9.29; 9.3; 9.29; 9.28; 9.28; 9.28; 9.28; 9.27; 9.27; 9.26; 9.23; 9.22; 9.19; 9.17; 9.13; 9.08; 9.03; 8.97; 8.9; 8.81; 8.74; 8.65; 8.56; 8.5; 8.47; 8.49; 8.52; 8.6; 8.69; 8.77; 8.85; 8.94; 8.99; 9.01; 9.04; 9.03; 9.03; 9.03; 9.01; 9.01; 8.99; 8.97; 8.95; 8.93; 8.92; 8.9; 8.88; 8.86; 8.84; 8.82; 8.8; 8.8; 8.79; 8.8; 8.79; 8.81; 8.84; 8.86; 8.88; 8.93; 8.95; 8.98; 9.0; 9.04; 9.09; 9.11; 9.11; 9.14; 9.16; 9.16; 9.2; 9.21; 9.22; 9.23; 9.22; 9.25; 9.26; 9.25; 9.25; 9.27; 9.28; 9.29; 9.29; 9.28; 9.28; 9.3; 9.27; 9.29; 9.3; 9.29; 9.26; 9.29; 9.27; 9.27; 9.26; 9.28; 9.28; 9.28; 9.27; 9.27; 9.28; 9.27; 9.3; 9.3; 9.29; 9.29; 9.3; 9.31; 9.32; 9.32; 9.3; 9.3; 9.31; 9.32; 9.31; 9.3; 9.31; 9.32; 9.33; 9.32; 9.3; 9.31; 9.3; 9.29; 9.3; 9.3; 9.3; 9.27; 9.28; 9.3; 9.3; 9.31; 9.3; 9.28; 9.26; 9.27; 9.26; 9.28; 9.25; 9.25; 9.25; 9.24; 9.23; 9.23; 9.22; 9.24; 9.21; 9.19; 9.16; 9.16; 9.16; 9.17; 9.15; 9.13; 9.11; 9.09; 9.08; 9.02; 9.02; 8.98; 8.94; 8.87; 8.84; 8.8; 8.74; 8.66; 8.63; 8.59; 8.56; 8.51; 8.49; 8.48; 8.46; 8.42; 8.39; 8.34; 8.31; 8.23; 8.14; 8.01; 7.9; 7.79; 7.71; 7.7; 7.7; 7.72; 7.75; 7.8; 7.83; 7.84; 7.89; 7.88; 7.93; 7.94; 7.9; 7.93; 7.92; 7.93; 7.94; 7.95; 7.98; 8.01; 8.0; 8.04; 8.02; 8.04; 8.04; 8.08; 8.11; 8.14; 8.16; 8.22; 8.25; 8.27; 8.31; 8.32; 8.35; 8.38; 8.41; 8.47; 8.47; 8.49; 8.5; 8.51; 8.54; 8.53; 8.53; 8.55; 8.56; 8.56; 8.55; 8.57; 8.57; 8.58; 8.6; 8.59; 8.61; 8.65; 8.66; 8.68; 8.73; 8.73; 8.72; 8.75; 8.78; 8.79; 8.81; 8.82; 8.83; 8.82; 8.79; 8.84; 8.84; 8.86; 8.85; 8.88; 8.87; 8.86; 8.89; 8.9; 8.89; 8.9; 8.9; 8.91; 8.91; 8.91; 8.93; 8.92; 8.93; 8.93; 8.95; 8.94; 8.91; 8.94; 8.95; 8.91; 8.94; 8.91; 8.91; 8.93; 8.91; 8.94; 8.93; 8.94; 8.96; 8.95; 8.94; 8.94; 8.94; 8.93; 8.92; 8.93; 8.9; 8.91; 8.9; 8.94; 8.91; 8.93; 8.92; 8.96; 8.95; 8.93; 8.92; 8.91; 8.9; 8.91; 8.9; 8.89; 8.87; 8.89; 8.84; 8.85; 8.9; 8.88; 8.87; 8.87; 8.84; 8.83; 8.82; 8.78; 8.76; 8.77; 8.74; 8.71; 8.66; 8.66; 8.63; 8.54; 8.43; 8.33; 8.23; 8.19; 8.25; 8.25; 8.22; 8.18; 8.12; 8.09; 8.03; 7.92; 7.85; 7.78; 7.65; 7.49; 7.28; 7.06; 6.8; 6.53; 6.31; 6.12; 5.99; 5.84; 5.74; 5.65; 5.59; 5.53; 5.48; 5.48; 5.47; 5.46; 5.53; 5.51; 5.52; 5.6; 5.66; 5.83; 5.85; 6.03; 6.1; 6.13; 6.26; 6.4; 6.32; 6.45; 6.47; 6.38; 6.54; 6.91; 6.82; 7.15; 7.24; 7.2; 7.22; 7.34; 7.27; 7.43; 7.18; 7.25; 7.46; 7.44; 7.33; 7.68; 7.41; 7.77; 7.56
Kaffeesahne Behälter - PS; PS; #80ff00; 0.0; 88.81; 88.95; 88.97; 89.07; 89.19; 89.19; 89.28; 89.35; 89.43; 89.54; 89.61; 89.62; 89.59; 89.6; 89.61; 89.65; 89.62; 89.62; 89.71; 89.74; 89.8; 89.87; 89.89; 89.91; 89.93; 89.99; 89.97; 90.07; 90.07; 90.12; 90.18; 90.21; 90.21; 90.24; 90.26; 90.26; 90.27; 90.29; 90.34; 90.37; 90.35; 90.41; 90.4; 90.48; 90.46; 90.47; 90.52; 90.53; 90.52; 90.51; 90.54; 90.58; 90.59; 90.6; 90.64; 90.6; 90.61; 90.62; 90.65; 90.65; 90.62; 90.64; 90.67; 90.65; 90.68; 90.67; 90.66; 90.68; 90.64; 90.66; 90.65; 90.63; 90.69; 90.65; 90.66; 90.65; 90.62; 90.62; 90.57; 90.57; 90.56; 90.5; 90.54; 90.49; 90.45; 90.35; 90.42; 90.33; 90.34; 90.25; 90.28; 90.23; 90.2; 90.12; 90.07; 90.06; 90.03; 89.98; 89.99; 89.93; 89.95; 89.86; 89.88; 89.78; 89.78; 89.76; 89.7; 89.63; 89.66; 89.62; 89.59; 89.5; 89.47; 89.44; 89.45; 89.33; 89.29; 89.26; 89.22; 89.13; 89.1; 89.0; 88.96; 88.87; 88.87; 88.72; 88.65; 88.56; 88.55; 88.35; 88.27; 88.08; 87.92; 87.67; 87.52; 87.29; 87.05; 86.7; 86.37; 85.91; 85.44; 84.73; 84.0; 83.08; 81.95; 80.75; 79.62; 78.46; 77.4; 76.59; 76.22; 76.21; 76.53; 77.05; 77.74; 78.51; 79.55; 80.57; 81.41; 81.96; 82.39; 82.63; 82.89; 82.97; 83.15; 83.25; 83.36; 83.34; 83.45; 83.41; 83.5; 83.51; 83.53; 83.4; 83.27; 83.01; 82.85; 82.6; 82.38; 82.13; 81.91; 81.6; 81.44; 81.13; 80.93; 80.64; 80.42; 80.28; 80.1; 79.9; 79.86; 79.8; 79.84; 79.88; 80.07; 80.17; 80.43; 80.59; 80.87; 81.1; 81.28; 81.39; 81.57; 81.72; 81.8; 81.86; 82.02; 82.05; 82.05; 82.06; 82.06; 82.11; 82.17; 82.11; 82.09; 82.02; 82.08; 82.06; 82.1; 82.09; 82.09; 82.1; 82.12; 82.1; 82.11; 82.02; 82.05; 81.95; 81.91; 81.88; 81.85; 81.8; 81.75; 81.69; 81.65; 81.55; 81.55; 81.49; 81.36; 81.29; 81.24; 81.12; 81.07; 80.95; 80.89; 80.78; 80.66; 80.55; 80.47; 80.34; 80.23; 80.13; 80.12; 80.06; 80.01; 79.86; 79.79; 79.63; 79.48; 79.29; 79.14; 78.96; 78.83; 78.7; 78.57; 78.36; 78.21; 78.09; 77.94; 77.74; 77.64; 77.41; 77.19; 76.96; 76.74; 76.47; 76.19; 75.91; 75.62; 75.55; 75.35; 75.08; 74.78; 74.5; 74.48; 74.25; 73.87; 73.47; 73.5; 73.09; 72.82; 72.18; 71.71; 70.94; 70.06; 68.96; 67.69; 66.53; 65.48; 64.47; 63.9; 63.79; 63.55; 63.56; 63.53; 63.63; 63.59; 63.75; 63.77; 63.95; 64.17; 64.03; 64.08; 64.1; 63.89; 63.87; 63.72; 63.57; 63.6; 63.51; 63.49; 63.7; 63.74; 63.9; 64.19; 64.32; 64.35; 64.54; 64.62; 64.63; 64.8; 64.76; 64.81; 64.92; 65.08; 65.2; 65.31; 65.59; 65.77; 65.96; 66.14; 66.28; 66.38; 66.46; 66.48; 66.5; 66.55; 66.74; 66.85; 66.87; 66.93; 66.96; 67.08; 67.08; 67.06; 67.09; 67.13; 67.21; 67.33; 67.49; 67.56; 67.52; 67.57; 67.62; 67.65; 67.66; 67.7; 67.76; 67.86; 67.88; 67.9; 67.93; 68.0; 68.05; 68.12; 68.15; 68.16; 68.23; 68.26; 68.22; 68.28; 68.27; 68.27; 68.18; 68.23; 68.27; 68.25; 68.24; 68.25; 68.28; 68.25; 68.26; 68.25; 68.21; 68.17; 68.12; 68.22; 68.18; 68.15; 68.1; 68.17; 68.15; 68.09; 68.07; 68.02; 67.96; 67.95; 67.92; 67.93; 67.85; 67.78; 67.72; 67.72; 67.66; 67.59; 67.52; 67.43; 67.33; 67.3; 67.24; 67.15; 67.09; 67.04; 66.99; 66.91; 66.83; 66.81; 66.69; 66.61; 66.44; 66.35; 66.23; 66.18; 66.1; 66.07; 66.0; 65.84; 65.67; 65.47; 65.44; 65.3; 65.1; 64.95; 64.72; 64.59; 64.41; 64.08; 63.79; 63.43; 63.07; 62.61; 62.0; 61.24; 60.47; 59.45; 58.42; 57.57; 56.96; 56.22; 55.31; 54.38; 53.79; 53.66; 53.85; 53.96; 53.84; 53.47; 53.14; 53.31; 54.19; 55.14; 55.72; 55.69; 55.17; 54.27; 53.05; 51.69; 50.17; 48.58; 47.17; 45.93; 44.97; 44.23; 43.5; 42.88; 42.51; 42.53; 42.96; 43.49; 44.33; 45.06; 45.98; 47.34; 48.46; 49.75; 51.04; 52.12; 53.32; 54.68; 55.81; 57.42; 58.47; 60.13; 61.76; 62.8; 64.14; 64.89; 66.3; 67.31; 68.27; 68.96; 69.82
OceanInsight-Würfel; None; #808080; 0.0; 19077.59; 19277.15; 19608.36; 19878.97; 20139.14; 20460.95; 20847.53; 21212.18; 21877.74; 22693.75; 24058.3; 25550.32; 27129.06; 28363.01; 29417.25; 30138.18; 30874.79; 31319.89; 31869.47; 32141.12; 32506.81; 32735.63; 33028.19; 33177.6; 33493.14; 33527.62; 33680.16; 33711.51; 33853.6; 33901.67; 34031.22; 33989.43; 34183.77; 34144.07; 34301.84; 34330.05; 34487.82; 34504.53; 34713.5; 34772.01; 35000.83; 35070.83; 35323.68; 35409.36; 35672.66; 35760.42; 36091.63; 36150.14; 36503.3; 36674.65; 36967.2; 37093.63; 37491.71; 37648.43; 37968.15; 38145.77; 38484.3; 38670.28; 39025.52; 39178.07; 39541.67; 39686.9; 40049.46; 40241.71; 40517.54; 40718.15; 41068.17; 41192.5; 41495.5; 41601.03; 41935.38; 41942.69; 42202.86; 42250.92; 42510.04; 42498.54; 42720.05; 42715.87; 42883.04; 42861.1; 43044.99; 42957.22; 43090.96; 43036.63; 43158.88; 43092.01; 43192.31; 43133.8; 43222.61; 43125.44; 43245.6; 43111.86; 43223.66; 43079.47; 43172.46; 43064.84; 43123.35; 42979.17; 43072.16; 42961.4; 43023.05; 42960.36; 43018.87; 42913.34; 43062.75; 42958.27; 43075.29; 42977.08; 43131.71; 43058.57; 43173.5; 43195.45; 43389.78; 43258.14; 43467.1; 43434.71; 43619.65; 43645.77; 43854.74; 43782.64; 43992.65; 44048.03; 44208.93; 44234.01; 44537.01; 44504.62; 44724.04; 44740.75; 44997.78; 44958.08; 45221.38; 45262.12; 45502.44; 45464.82; 45683.19; 45631.99; 45800.21; 45797.08; 46029.03; 46032.17; 46262.03; 46233.82; 46472.04; 46502.34; 46579.66; 46482.49; 46944.3; 47001.77; 47227.45; 47143.87; 47401.94; 47291.19; 47476.12; 47486.57; 47628.67; 47604.64; 47796.89; 47786.44; 47918.09; 47902.41; 48088.39; 48012.12; 48193.92; 48121.83; 48280.64; 48227.36; 48390.35; 48271.24; 48391.4; 48297.36; 48391.4; 48217.95; 48390.35; 48310.94; 48381.99; 48157.35; 48228.4; 48131.23; 48207.51; 48035.11; 48101.98; 47934.8; 48021.53; 47889.88; 47880.47; 47676.73; 47750.91; 47594.19; 47588.96; 47394.63; 47572.25; 47400.9; 47494.93; 47434.33; 47604.64; 47582.7; 47766.59; 47586.88; 47671.51; 47468.81; 47413.43; 47069.68; 47029.98; 46737.43; 46811.61; 46596.37; 46619.36; 46478.31; 46483.53; 46248.45; 46385.32; 46199.34; 46226.5; 46054.11; 46143.96; 45961.12; 46050.97; 45933.95; 46031.12; 45807.53; 45928.73; 45774.09; 45882.75; 45702.0; 45856.63; 45629.9; 45752.15; 45591.25; 45714.54; 45566.17; 45670.65; 45516.02; 45646.62; 45556.77; 45689.46; 45479.45; 45607.96; 45498.26; 45599.6; 45448.1; 45578.71; 45421.98; 45499.3; 45321.68; 45476.31; 45376.01; 45480.49; 45382.28; 45443.92; 45345.71; 45452.28; 45231.82; 45312.28; 45154.51; 45270.48; 45064.65; 45164.95; 44971.66; 45064.65; 44838.97; 44897.48; 44680.15; 44751.2; 44563.13; 44661.35; 44469.1; 44469.1; 44352.08; 44295.65; 44072.06; 44145.2; 43967.58; 43942.5; 43677.11; 43699.06; 43476.51; 43495.31; 43221.57; 43027.23; 42754.53; 42572.73; 42149.57; 41649.09; 41187.28; 41346.09; 40818.45; 40111.1; 39371.36; 40262.6; 39905.27; 40166.48; 39592.87; 39750.63; 39574.06; 39982.59; 39475.84; 39054.78; 38344.29; 37295.28; 35992.37; 35526.38; 36120.89; 36273.43; 35706.09; 35714.45; 35266.22; 34341.54; 34219.29; 33220.43; 33329.1; 33142.07; 31948.87; 32223.66; 31861.11; 31121.37; 30993.9; 30740.0; 30357.59; 30457.9; 29990.86; 29626.21; 29642.93; 29475.76; 29148.72; 29199.92; 28943.94; 28807.06; 28645.12; 28587.65; 28401.67; 28417.34; 28134.19; 28109.12; 27879.25; 27745.51; 27452.96; 27422.66; 27281.61; 27318.18; 27123.84; 27110.26; 27192.8; 27188.62; 27035.03; 27126.97; 27025.63; 27098.76; 27216.83; 27377.73; 27392.36; 27561.62; 27497.89; 27591.92; 27559.53; 27760.14; 27619.09; 27711.04; 27698.5; 27789.4; 27684.91; 27701.63; 27676.56; 27745.51; 27720.44; 27783.13; 27755.96; 27866.72; 27867.76; 27937.76; 27836.42; 27929.41; 27835.37; 27946.12; 27929.41; 28063.14; 27995.23; 28063.14; 27993.14; 28045.38; 27909.55; 28015.08; 27903.28; 28046.43; 28070.46; 28252.26; 28251.21; 28408.98; 28332.71; 28538.54; 28599.14; 28780.94; 28780.94; 28936.62; 28906.32; 28999.31; 28929.31; 29025.43; 28960.65; 29060.96; 28980.51; 29016.03; 28924.09; 28946.03; 28842.59; 28860.35; 28723.48; 28781.99; 28701.54; 28725.57; 28551.08; 28653.47; 28564.66; 28601.23; 28444.51; 28403.76; 28260.62; 28301.37; 28210.47; 28295.1; 28088.22; 28134.19; 28012.99; 28001.5; 27842.68; 27910.6; 27731.93; 27741.34; 27623.27; 27671.33; 27564.76; 27567.89; 27320.27; 27358.93; 27216.83; 27260.71; 27092.49; 27131.15; 26974.43; 26947.26; 26782.18; 26717.4; 26572.17; 26557.54; 26353.8; 26368.43; 26212.75; 26207.52; 26010.05; 25871.09; 25670.48; 25599.43; 25430.17; 25321.5; 25097.91; 25036.27; 24855.51; 24755.21; 24527.43; 24465.79; 24232.79; 24073.98; 23816.95; 23639.32; 23281.99; 22964.36; 22507.77; 22115.96; 21526.67; 20888.28; 20035.7; 19179.98; 18237.54; 17323.32; 16246.09; 15282.76; 14294.35; 13379.07; 12429.32; 11630.03; 10871.48; 10218.46; 9575.89; 9032.57; 8494.48; 8059.83; 7634.59; 7273.08; 6957.54; 6648.27; 6363.03; 6130.03; 5905.39; 5703.74; 5516.71; 5354.76; 5210.58; 5068.48; 4943.1; 4829.21; 4725.78; 4620.25; 4547.11; 4458.3; 4394.56; 4316.2; 4271.27; 4190.82; 4137.53; 4073.8; 4045.59; 3987.08; 3954.69
Baustrahler; None; #808080; 0.0; 8132.97; 8234.32; 8359.7; 8430.75; 8525.83; 8629.27; 8792.26; 8915.55; 9189.3; 9520.51; 10008.45; 10548.62; 11065.82; 11461.81; 11808.69; 12031.24; 12295.58; 12430.37; 12624.71; 12699.93; 12863.97; 12917.26; 13036.37; 13088.61; 13207.72; 13188.91; 13297.58; 13318.47; 13382.21; 13372.81; 13449.08; 13455.35; 13524.31; 13519.08; 13636.1; 13666.4; 13694.61; 13700.88; 13734.32; 13786.56; 13892.09; 13935.97; 14037.32; 14043.59; 14157.47; 14196.13; 14320.47; 14329.87; 14486.6; 14541.97; 14680.93; 14755.12; 14836.61; 14854.38; 14987.07; 15076.93; 15197.08; 15255.59; 15374.7; 15424.86; 15572.18; 15605.61; 15757.11; 15815.62; 15933.69; 15970.26; 16104.0; 16151.01; 16202.21; 16252.36; 16408.04; 16441.48; 16510.44; 16549.09; 16605.52; 16550.14; 16625.37; 16661.94; 16749.7; 16695.37; 16768.51; 16795.68; 16770.6; 16778.96; 16806.12; 16762.24; 16820.75; 16808.21; 16856.28; 16800.9; 16900.16; 16804.03; 16829.11; 16782.09; 16869.86; 16799.85; 16795.68; 16744.48; 16804.03; 16762.24; 16794.63; 16746.57; 16816.57; 16770.6; 16827.02; 16796.72; 16804.03; 16787.32; 16884.49; 16806.12; 16860.45; 16872.99; 16959.71; 16984.79; 17045.39; 16988.97; 17049.57; 17088.23; 17236.59; 17165.55; 17237.64; 17221.97; 17334.81; 17387.05; 17392.27; 17418.39; 17654.53; 17556.31; 17680.65; 17659.75; 17767.37; 17751.7; 17865.58; 17863.49; 18039.03; 17986.78; 18102.76; 18065.15; 18213.51; 18313.82; 18345.16; 18433.97; 18566.67; 18547.86; 18670.1; 18564.58; 18792.35; 18771.45; 18930.27; 19015.94; 19107.89; 18958.48; 19151.77; 19199.83; 19260.43; 19138.19; 19253.12; 19249.99; 19373.28; 19416.11; 19462.09; 19486.12; 19638.66; 19603.14; 19618.81; 19568.66; 19639.71; 19634.48; 19660.6; 19584.33; 19737.92; 19635.53; 19610.45; 19740.01; 19766.13; 19593.74; 19636.57; 19662.69; 19730.61; 19631.35; 19626.13; 19673.14; 19803.75; 19690.9; 19683.59; 19696.13; 19630.3; 19514.33; 19537.31; 19541.49; 19564.48; 19628.21; 19644.93; 19540.45; 19636.57; 19544.63; 19706.58; 19617.77; 19633.44; 19636.57; 19643.89; 19419.25; 19484.03; 19370.14; 19396.26; 19240.58; 19262.52; 19274.02; 19257.3; 19085.95; 19253.12; 19179.98; 19269.84; 19152.82; 19085.95; 19033.71; 19113.11; 19149.68; 19257.3; 19183.12; 19090.13; 19122.52; 19263.57; 19101.62; 19150.73; 19103.71; 19158.04; 19165.35; 19278.2; 19132.96; 19112.07; 19092.22; 19135.05; 19101.62; 19309.54; 19201.92; 19217.6; 19132.96; 19297.0; 19236.4; 19328.35; 19369.1; 19356.56; 19397.31; 19418.2; 19350.29; 19444.32; 19462.09; 19383.72; 19353.42; 19484.03; 19342.98; 19434.92; 19468.36; 19535.22; 19551.94; 19642.84; 19496.57; 19584.33; 19498.66; 19620.9; 19617.77; 19803.75; 19687.77; 19761.95; 19687.77; 19703.44; 19721.2; 19885.24; 19798.52; 19835.09; 19760.91; 19883.15; 19907.18; 19962.56; 19885.24; 19892.56; 19775.54; 19804.79; 19642.84; 19651.2; 19469.4; 19211.33; 19215.51; 19353.42; 19127.74; 18843.55; 18650.25; 19064.01; 19023.26; 19118.34; 18918.77; 19143.41; 19225.95; 19570.75; 19486.12; 19384.77; 19119.38; 18649.21; 18145.6; 18256.35; 18684.73; 18949.07; 18736.97; 18918.77; 18918.77; 18791.3; 18866.53; 18398.45; 18706.67; 18975.19; 18655.48; 19111.02; 19035.79; 18763.09; 18968.93; 18885.34; 18878.03; 19274.02; 19164.31; 18959.52; 19128.78; 19082.81; 18880.11; 19032.66; 19085.95; 19266.7; 19208.19; 19085.95; 19054.6; 19145.5; 18880.11; 18844.59; 18924.0; 18801.75; 18676.37; 18681.6; 18509.2; 18609.5; 18712.94; 18659.66; 18564.58; 18558.31; 18511.29; 18567.71; 18393.22; 18441.29; 18561.44; 18628.31; 18657.57; 18776.68; 18689.96; 18654.43; 18679.51; 18768.32; 18747.42; 18818.47; 18588.61; 18561.44; 18442.33; 18416.21; 18356.65; 18388.0; 18347.25; 18303.37; 18322.17; 18241.72; 17982.6; 17940.81; 18029.62; 18035.89; 17986.78; 17964.84; 17731.84; 17746.47; 17622.14; 17711.99; 17711.99; 17614.82; 17496.76; 17587.66; 17474.82; 17512.43; 17412.13; 17507.21; 17461.23; 17586.61; 17484.22; 17438.25; 17344.21; 17343.17; 17414.22; 17648.26; 17486.31; 17514.52; 17583.48; 17567.81; 17375.56; 17394.36; 17380.78; 17428.84; 17296.15; 17367.2; 17243.91; 17426.75; 17378.69; 17177.04; 17182.26; 17117.48; 17029.72; 17096.59; 16959.71; 16868.81; 16768.51; 16820.75; 16970.16; 16944.04; 16768.51; 16687.01; 16620.14; 16584.62; 16551.18; 16574.17; 16469.69; 16417.45; 16367.29; 16384.01; 16411.18; 16377.74; 16332.81; 16315.05; 16272.21; 16342.22; 16145.79; 16135.34; 16029.81; 15984.89; 16014.14; 15915.93; 15791.59; 15765.47; 15695.47; 15725.77; 15696.51; 15719.5; 15595.16; 15515.76; 15453.07; 15348.58; 15289.03; 15269.18; 15178.28; 15177.23; 15042.45; 14947.37; 14894.08; 14823.03; 14695.56; 14795.87; 14572.27; 14433.31; 14342.41; 14225.39; 14035.23; 13870.15; 13500.27; 13391.61; 13025.92; 12649.78; 12237.07; 11735.55; 11237.17; 10757.59; 10241.44; 9724.25; 9195.57; 8563.44; 8050.43; 7637.72; 7196.8; 6832.16; 6434.08; 6162.42; 5824.94; 5582.54; 5352.67; 5123.86; 4958.77; 4767.57; 4600.4; 4461.43; 4341.28; 4215.9; 4120.82; 4029.92; 3945.29; 3850.21; 3772.89; 3710.2; 3654.82; 3582.73; 3536.76; 3485.56; 3459.44; 3397.79; 3380.03; 3324.66; 3288.09; 3244.2; 3241.07; 3201.37; 3183.6
test; None; 808080; 0.0; 9.17; 9.14; 9.18; 9.16; 9.12; 9.13; 9.14; 9.13; 9.11; 9.07; 9.12; 9.1; 9.07; 9.06; 9.06; 9.04; 9.05; 9.07; 9.05; 9.06; 9.06; 9.06; 9.06; 9.03; 9.05; 9.04; 9.04; 9.03; 9.04; 9.03; 9.04; 9.02; 9.02; 9.0; 9.03; 9.02; 9.0; 9.01; 8.99; 9.01; 9.0; 9.0; 9.01; 9.01; 8.99; 9.02; 8.99; 8.99; 9.0; 8.98; 9.0; 9.0; 8.99; 8.98; 8.99; 8.99; 8.97; 8.97; 8.99; 8.98; 8.99; 8.96; 9.0; 8.97; 8.97; 8.97; 8.96; 8.95; 8.94; 8.96; 8.95; 8.94; 8.95; 8.94; 8.93; 8.92; 8.93; 8.95; 8.92; 8.94; 8.95; 8.92; 8.92; 8.91; 8.93; 8.92; 8.92; 8.91; 8.91; 8.93; 8.92; 8.9; 8.9; 8.91; 8.91; 8.89; 8.9; 8.89; 8.91; 8.9; 8.91; 8.9; 8.91; 8.9; 8.89; 8.87; 8.89; 8.89; 8.89; 8.88; 8.9; 8.88; 8.9; 8.89; 8.89; 8.87; 8.89; 8.89; 8.89; 8.89; 8.89; 8.88; 8.87; 8.87; 8.88; 8.86; 8.87; 8.87; 8.87; 8.88; 8.87; 8.87; 8.86; 8.86; 8.87; 8.86; 8.86; 8.87; 8.86; 8.87; 8.83; 8.86; 8.84; 8.86; 8.85; 8.84; 8.84; 8.86; 8.83; 8.85; 8.84; 8.85; 8.84; 8.85; 8.84; 8.84; 8.84; 8.83; 8.83; 8.83; 8.83; 8.83; 8.82; 8.85; 8.84; 8.83; 8.83; 8.84; 8.85; 8.84; 8.82; 8.83; 8.83; 8.83; 8.84; 8.84; 8.85; 8.82; 8.84; 8.84; 8.84; 8.82; 8.84; 8.83; 8.82; 8.83; 8.82; 8.83; 8.82; 8.82; 8.82; 8.82; 8.81; 8.81; 8.81; 8.8; 8.81; 8.8; 8.81; 8.8; 8.8; 8.79; 8.81; 8.8; 8.8; 8.79; 8.78; 8.8; 8.79; 8.8; 8.8; 8.81; 8.79; 8.8; 8.8; 8.78; 8.78; 8.8; 8.8; 8.8; 8.78; 8.8; 8.79; 8.79; 8.77; 8.79; 8.8; 8.8; 8.8; 8.8; 8.82; 8.78; 8.8; 8.78; 8.8; 8.79; 8.8; 8.78; 8.78; 8.77; 8.78; 8.77; 8.78; 8.79; 8.79; 8.8; 8.78; 8.78; 8.77; 8.77; 8.76; 8.76; 8.77; 8.77; 8.78; 8.78; 8.77; 8.77; 8.76; 8.77; 8.76; 8.79; 8.77; 8.76; 8.76; 8.77; 8.77; 8.76; 8.76; 8.74; 8.76; 8.76; 8.74; 8.75; 8.76; 8.74; 8.74; 8.71; 8.69; 8.7; 8.7; 8.7; 8.67; 8.69; 8.69; 8.67; 8.68; 8.67; 8.69; 8.7; 8.7; 8.71; 8.69; 8.71; 8.72; 8.71; 8.72; 8.7; 8.7; 8.66; 8.66; 8.67; 8.66; 8.67; 8.68; 8.7; 8.67; 8.7; 8.66; 8.69; 8.7; 8.67; 8.7; 8.7; 8.67; 8.68; 8.68; 8.67; 8.69; 8.67; 8.67; 8.7; 8.69; 8.67; 8.67; 8.68; 8.68; 8.69; 8.69; 8.67; 8.71; 8.67; 8.68; 8.69; 8.69; 8.69; 8.71; 8.68; 8.68; 8.68; 8.69; 8.69; 8.68; 8.68; 8.68; 8.68; 8.67; 8.69; 8.68; 8.69; 8.68; 8.66; 8.65; 8.67; 8.66; 8.67; 8.65; 8.65; 8.67; 8.66; 8.65; 8.64; 8.64; 8.64; 8.62; 8.64; 8.61; 8.63; 8.63; 8.66; 8.65; 8.66; 8.64; 8.65; 8.65; 8.65; 8.63; 8.64; 8.64; 8.63; 8.64; 8.64; 8.63; 8.63; 8.64; 8.62; 8.64; 8.62; 8.62; 8.63; 8.64; 8.6; 8.61; 8.59; 8.62; 8.61; 8.6; 8.6; 8.6; 8.6; 8.6; 8.6; 8.6; 8.59; 8.61; 8.58; 8.59; 8.6; 8.59; 8.58; 8.6; 8.57; 8.61; 8.61; 8.6; 8.58; 8.59; 8.61; 8.61; 8.59; 8.59; 8.59; 8.6; 8.61; 8.6; 8.6; 8.58; 8.59; 8.61; 8.62; 8.6; 8.59; 8.61; 8.6; 8.59; 8.6; 8.6; 8.59; 8.6; 8.58; 8.59; 8.6; 8.59; 8.6; 8.59; 8.59; 8.58; 8.6; 8.61; 8.61; 8.58; 8.59; 8.59; 8.61; 8.58; 8.6; 8.62; 8.6; 8.6; 8.59; 8.57; 8.57; 8.59; 8.6; 8.61; 8.63; 8.63; 8.64; 8.62; 8.63; 8.64; 8.62; 8.62; 8.7; 8.66; 8.71; 8.69; 8.71; 8.74; 8.76; 8.8; 8.8; 8.78; 8.78; 8.78; 8.82; 8.8; 8.82; 8.84; 8.78; 8.92; 8.94; 8.97; 8.92; 8.87; 8.95; 8.9; 9.11; 8.96; 9.07; 8.95; 9.16; 9.11; 9.4; 9.26; 9.06; 9.14; 9.28; 9.31; 9.33; 9.29; 9.02
Lampe_neu; None; 808080; 0.0; 2575.51; 2575.51; 2587.0; 2587.0; 2601.63; 2598.5; 2595.36; 2613.12; 2630.89; 2629.84; 2664.32; 2678.95; 2712.38; 2723.88; 2738.5; 2742.68; 2754.18; 2758.36; 2772.98; 2764.63; 2782.39; 2779.25; 2782.39; 2782.39; 2791.79; 2781.34; 2792.84; 2791.79; 2782.39; 2787.61; 2797.02; 2795.97; 2804.33; 2786.57; 2799.11; 2789.7; 2797.02; 2799.11; 2798.06; 2797.02; 2825.23; 2810.6; 2812.69; 2816.87; 2812.69; 2812.69; 2822.09; 2817.91; 2839.85; 2836.72; 2839.85; 2844.03; 2848.21; 2858.66; 2857.62; 2860.75; 2864.93; 2875.38; 2882.69; 2880.6; 2884.78; 2879.56; 2897.32; 2905.68; 2898.36; 2912.99; 2915.08; 2911.95; 2915.08; 2906.72; 2929.71; 2924.48; 2940.16; 2940.16; 2949.56; 2932.84; 2953.74; 2951.65; 2945.38; 2948.52; 2961.05; 2934.93; 2958.96; 2958.96; 2958.96; 2954.79; 2955.83; 2955.83; 2962.1; 2953.74; 2958.96; 2953.74; 2957.92; 2951.65; 2948.52; 2943.29; 2954.79; 2946.43; 2965.23; 2946.43; 2954.79; 2961.05; 2948.52; 2949.56; 2954.79; 2951.65; 2958.96; 2947.47; 2951.65; 2946.43; 2954.79; 2948.52; 2952.7; 2946.43; 2958.96; 2946.43; 2955.83; 2956.87; 2953.74; 2955.83; 2952.7; 2958.96; 2964.19; 2961.05; 2967.32; 2957.92; 2967.32; 2957.92; 2976.73; 2963.14; 2975.68; 2964.19; 2981.95; 2978.82; 2973.59; 2975.68; 2978.82; 2980.91; 2990.31; 2985.09; 2990.31; 2995.53; 3002.85; 2992.4; 2999.71; 2998.67; 2996.58; 2999.71; 3015.39; 3008.07; 3002.85; 3001.8; 3018.52; 3013.3; 3014.34; 3015.39; 3014.34; 3007.03; 3015.39; 3015.39; 3015.39; 3016.43; 3018.52; 3010.16; 3011.21; 3007.03; 3025.83; 3019.56; 3024.79; 3014.34; 3022.7; 3011.21; 3021.65; 3014.34; 3005.98; 3008.07; 3011.21; 3010.16; 3026.88; 3014.34; 3021.65; 3014.34; 3023.74; 3016.43; 3018.52; 3021.65; 3012.25; 3008.07; 3018.52; 3008.07; 3016.43; 3016.43; 3020.61; 3007.03; 3014.34; 3012.25; 3016.43; 3008.07; 3005.98; 3005.98; 3005.98; 3003.89; 3004.94; 3000.76; 3014.34; 2999.71; 3004.94; 3010.16; 2996.58; 3013.3; 3003.89; 2993.44; 2995.53; 2995.53; 3000.76; 2995.53; 3000.76; 3005.98; 3009.12; 2998.67; 3011.21; 2993.44; 3001.8; 2990.31; 2998.67; 2995.53; 3005.98; 3003.89; 2996.58; 2997.62; 3008.07; 2999.71; 3004.94; 2998.67; 3015.39; 3004.94; 3011.21; 2996.58; 3011.21; 3004.94; 3009.12; 3001.8; 3009.12; 3002.85; 3009.12; 3005.98; 3009.12; 3009.12; 3012.25; 3018.52; 3012.25; 3008.07; 3003.89; 3007.03; 3018.52; 3016.43; 3020.61; 3016.43; 3019.56; 3016.43; 3013.3; 3015.39; 3022.7; 3017.47; 3015.39; 3039.42; 3020.61; 3022.7; 3015.39; 3034.19; 3035.24; 3027.92; 3024.79; 3032.1; 3028.97; 3030.01; 3028.97; 3019.56; 3016.43; 3015.39; 3008.07; 3023.74; 2994.49; 2994.49; 2993.44; 2983.0; 2973.59; 2977.77; 2983.0; 2979.86; 2975.68; 2987.17; 2980.91; 2991.35; 2991.35; 2991.35; 2988.22; 2981.95; 2965.23; 2952.7; 2950.61; 2963.14; 2971.5; 2970.46; 2968.37; 2969.41; 2963.14; 2970.46; 2949.56; 2966.28; 2962.1; 2961.05; 2968.37; 2961.05; 2957.92; 2957.92; 2971.5; 2964.19; 2960.01; 2955.83; 2957.92; 2962.1; 2963.14; 2961.05; 2955.83; 2953.74; 2971.5; 2953.74; 2952.7; 2951.65; 2949.56; 2951.65; 2953.74; 2948.52; 2932.84; 2933.89; 2940.16; 2933.89; 2926.57; 2921.35; 2925.53; 2937.02; 2918.22; 2915.08; 2915.08; 2910.9; 2920.31; 2921.35; 2923.44; 2927.62; 2918.22; 2922.4; 2919.26; 2915.08; 2925.53; 2919.26; 2912.99; 2925.53; 2908.81; 2917.17; 2897.32; 2911.95; 2890.01; 2907.77; 2891.05; 2902.54; 2901.5; 2883.74; 2881.65; 2880.6; 2880.6; 2879.56; 2872.24; 2885.83; 2869.11; 2874.33; 2867.02; 2873.29; 2865.97; 2865.97; 2864.93; 2859.71; 2857.62; 2858.66; 2854.48; 2852.39; 2862.84; 2863.88; 2851.35; 2867.02; 2861.79; 2862.84; 2858.66; 2853.44; 2855.53; 2875.38; 2865.97; 2859.71; 2856.57; 2858.66; 2846.12; 2860.75; 2846.12; 2848.21; 2839.85; 2851.35; 2829.41; 2847.17; 2835.67; 2839.85; 2835.67; 2844.03; 2834.63; 2848.21; 2825.23; 2832.54; 2823.14; 2825.23; 2827.32; 2825.23; 2831.49; 2837.76; 2812.69; 2828.36; 2813.73; 2827.32; 2811.64; 2824.18; 2820.0; 2817.91; 2814.78; 2822.09; 2815.82; 2808.51; 2799.11; 2812.69; 2803.28; 2809.55; 2802.24; 2804.33; 2797.02; 2799.11; 2795.97; 2795.97; 2797.02; 2788.66; 2776.12; 2799.11; 2777.16; 2787.61; 2774.03; 2777.16; 2768.8; 2781.34; 2758.36; 2772.98; 2764.63; 2759.4; 2764.63; 2747.91; 2754.18; 2740.59; 2724.92; 2732.24; 2718.65; 2721.79; 2702.98; 2705.07; 2670.59; 2663.28; 2635.07; 2635.07; 2602.68; 2574.47; 2548.35; 2541.03; 2510.73; 2492.97; 2469.98; 2460.58; 2442.82; 2433.41; 2426.1; 2411.47; 2403.11; 2401.02; 2370.72; 2394.76; 2372.81; 2369.68; 2355.05; 2363.41; 2351.92; 2347.74; 2338.33; 2350.87; 2332.07; 2339.38; 2326.84; 2337.29; 2318.48; 2332.07; 2317.44; 2333.11; 2320.57; 2329.98; 2313.26; 2319.53; 2301.76; 2320.57; 2304.9; 2314.3
02-75-30ms; PET; #00ff00; 0.0; 157.1; 156.92; 157.12; 157.65; 157.54; 157.99; 157.48; 157.97; 158.18; 158.31; 159.1; 158.94; 158.63; 158.79; 158.78; 158.72; 158.74; 159.19; 159.6; 159.82; 159.94; 160.36; 160.47; 160.71; 160.9; 160.88; 161.47; 161.67; 162.17; 162.27; 162.14; 162.25; 162.39; 162.85; 162.68; 162.77; 162.63; 162.6; 163.05; 162.6; 162.52; 162.39; 161.98; 161.87; 161.96; 161.79; 161.97; 161.45; 160.96; 161.62; 161.18; 160.47; 160.26; 159.48; 159.32; 159.04; 158.97; 158.64; 158.41; 157.75; 157.49; 157.43; 156.85; 156.83; 156.28; 156.04; 155.57; 155.14; 154.79; 154.78; 154.59; 153.88; 153.47; 152.88; 152.97; 152.57; 152.8; 152.39; 152.27; 152.64; 152.01; 151.95; 151.85; 151.46; 151.57; 151.12; 150.93; 150.77; 150.92; 150.21; 150.1; 150.36; 150.33; 150.21; 150.41; 150.46; 150.65; 150.47; 150.37; 150.22; 150.01; 150.0; 149.96; 150.34; 150.06; 150.44; 149.97; 149.63; 149.64; 149.64; 149.85; 149.68; 149.33; 149.42; 149.36; 149.47; 149.37; 149.8; 149.46; 149.61; 149.86; 149.69; 149.58; 149.76; 149.1; 149.37; 149.41; 148.63; 148.47; 147.88; 147.46; 147.29; 146.49; 145.5; 144.43; 143.74; 142.32; 140.98; 138.95; 137.82; 136.3; 135.63; 136.13; 136.74; 138.3; 139.88; 141.58; 143.25; 144.62; 145.78; 146.06; 146.75; 147.33; 146.92; 146.51; 146.85; 146.3; 145.66; 145.36; 145.44; 145.19; 144.62; 144.67; 144.15; 143.82; 143.58; 143.04; 142.67; 142.36; 141.66; 140.83; 140.72; 140.41; 139.59; 139.39; 139.59; 139.62; 139.97; 139.6; 139.53; 140.07; 139.43; 139.75; 139.48; 139.61; 139.61; 140.32; 140.28; 140.5; 140.86; 141.23; 140.99; 141.17; 142.08; 142.13; 142.54; 142.72; 142.73; 143.8; 143.99; 144.59; 145.45; 145.63; 145.55; 146.01; 146.89; 147.19; 147.17; 147.25; 147.43; 147.44; 147.47; 147.17; 147.28; 147.94; 147.97; 147.55; 147.8; 147.72; 147.78; 148.09; 148.35; 148.21; 148.27; 148.12; 148.26; 147.53; 148.63; 148.3; 148.2; 148.64; 147.35; 147.72; 147.54; 147.63; 147.58; 147.57; 147.98; 147.12; 146.71; 146.42; 146.52; 146.93; 146.86; 147.0; 146.87; 146.7; 146.81; 146.63; 147.38; 146.73; 146.38; 146.01; 145.86; 146.24; 146.29; 145.91; 145.94; 145.43; 145.43; 145.38; 145.42; 145.43; 145.07; 144.49; 144.35; 144.41; 144.33; 144.34; 144.18; 143.58; 143.83; 143.32; 143.54; 143.31; 142.55; 141.93; 142.12; 141.57; 140.37; 139.27; 138.86; 139.05; 138.49; 137.07; 136.4; 136.22; 135.75; 134.98; 134.09; 134.08; 133.37; 133.27; 133.37; 132.87; 133.04; 132.3; 131.54; 132.15; 131.47; 130.7; 129.96; 129.28; 129.38; 129.24; 129.25; 129.71; 129.21; 129.4; 128.92; 128.03; 127.39; 126.01; 125.43; 124.82; 125.01; 124.8; 124.67; 124.87; 124.87; 125.1; 124.76; 125.23; 125.36; 125.36; 126.01; 126.97; 127.66; 128.06; 128.75; 128.85; 129.76; 130.29; 131.11; 132.1; 131.67; 132.86; 133.38; 133.71; 134.43; 134.51; 134.49; 135.31; 135.7; 135.42; 135.38; 135.61; 135.96; 136.21; 136.81; 136.93; 137.38; 137.67; 138.63; 138.25; 138.73; 139.42; 140.02; 140.49; 140.68; 140.41; 141.46; 141.89; 142.11; 142.61; 142.88; 142.84; 142.6; 143.05; 143.0; 143.45; 143.73; 143.42; 143.77; 143.66; 144.37; 144.08; 144.46; 144.48; 144.51; 144.28; 145.06; 145.06; 145.2; 144.95; 145.1; 146.26; 146.04; 145.09; 145.69; 145.59; 145.98; 145.94; 145.6; 145.58; 145.37; 145.6; 145.37; 145.12; 145.3; 145.57; 145.41; 145.64; 146.07; 145.38; 146.14; 146.0; 145.75; 145.43; 145.78; 145.37; 145.03; 145.39; 145.49; 145.33; 145.39; 144.93; 144.49; 144.99; 145.09; 145.12; 145.37; 145.17; 144.95; 144.33; 143.41; 144.04; 143.72; 143.39; 142.97; 142.86; 143.1; 143.52; 142.61; 142.13; 141.47; 141.12; 141.55; 140.46; 139.61; 140.66; 139.88; 138.11; 138.2; 136.93; 135.42; 132.97; 131.27; 131.3; 131.46; 131.76; 132.11; 131.29; 130.58; 129.72; 128.44; 126.33; 124.82; 122.92; 120.96; 118.05; 113.5; 108.81; 103.6; 98.05; 93.18; 88.81; 86.38; 83.1; 79.89; 77.28; 75.64; 74.28; 73.97; 73.31; 73.02; 72.74; 72.99; 73.31; 75.1; 76.43; 79.41; 80.63; 84.37; 88.31; 90.17; 92.29; 94.06; 96.48; 98.45; 97.23; 98.75; 102.65; 103.38; 107.0; 110.69; 112.82; 113.42; 117.58; 120.77; 121.48; 119.6; 120.25; 118.26; 122.73; 126.24; 126.77; 127.69; 129.41; 126.55; 129.26; 130.68
21-75-30ms; Acrylglas; #000000; 0.0; 107.07; 107.17; 107.4; 107.79; 107.88; 108.39; 108.29; 108.95; 109.12; 109.55; 109.78; 110.19; 110.31; 110.3; 110.51; 110.33; 110.36; 110.71; 111.13; 111.24; 111.16; 111.21; 111.64; 111.57; 111.66; 111.6; 111.8; 111.9; 111.79; 112.19; 111.98; 112.07; 112.05; 112.04; 112.05; 112.16; 111.87; 111.68; 111.88; 111.73; 111.38; 111.04; 110.94; 110.83; 110.93; 110.56; 110.51; 110.18; 109.86; 110.03; 109.9; 109.2; 108.8; 108.53; 108.29; 108.04; 108.01; 107.91; 107.7; 107.06; 106.97; 106.55; 106.15; 106.31; 105.95; 106.01; 105.87; 105.8; 105.75; 105.83; 105.98; 105.53; 105.34; 105.04; 105.16; 104.93; 105.36; 104.96; 104.96; 105.03; 104.9; 104.84; 104.88; 104.6; 104.85; 104.61; 104.63; 104.56; 104.88; 104.85; 104.8; 104.82; 104.76; 104.66; 104.85; 104.72; 104.94; 104.86; 104.81; 104.84; 104.83; 104.87; 104.96; 104.92; 104.83; 105.01; 105.04; 104.7; 104.67; 104.58; 104.55; 104.52; 104.32; 104.3; 104.19; 103.9; 104.09; 104.06; 103.94; 103.75; 103.84; 103.47; 103.4; 103.34; 102.75; 102.34; 102.16; 101.37; 100.81; 100.39; 99.83; 99.75; 99.23; 98.32; 97.92; 97.07; 95.98; 95.05; 94.09; 93.18; 92.06; 91.31; 90.55; 89.6; 88.7; 88.17; 87.44; 86.96; 86.64; 86.25; 85.59; 85.2; 84.78; 83.91; 83.32; 83.22; 82.3; 81.3; 80.66; 80.14; 79.58; 78.89; 78.8; 78.44; 78.05; 77.73; 77.47; 77.32; 77.3; 77.17; 77.21; 77.34; 77.81; 78.18; 78.86; 80.18; 81.31; 82.23; 82.88; 83.59; 84.32; 84.84; 85.57; 85.94; 86.76; 87.32; 88.44; 88.89; 89.93; 90.66; 91.57; 92.18; 93.05; 94.18; 94.6; 94.97; 95.24; 95.44; 95.78; 95.97; 96.15; 96.64; 96.49; 96.17; 96.32; 96.75; 97.05; 97.14; 97.02; 97.01; 97.02; 97.17; 96.94; 96.82; 97.01; 97.3; 97.15; 97.44; 97.32; 97.39; 97.45; 97.59; 97.48; 97.45; 97.35; 97.48; 97.06; 97.4; 97.22; 96.97; 97.11; 96.52; 96.67; 96.4; 96.57; 96.4; 96.23; 96.39; 95.92; 95.88; 95.78; 95.48; 95.71; 95.58; 95.54; 95.37; 95.31; 95.17; 94.81; 95.13; 94.61; 94.49; 94.29; 94.01; 94.35; 93.77; 93.4; 93.27; 92.61; 92.42; 91.99; 91.48; 91.14; 90.48; 89.57; 88.6; 87.75; 86.43; 85.06; 83.24; 81.24; 79.38; 77.31; 75.9; 74.27; 73.36; 72.54; 72.45; 72.3; 71.7; 71.09; 70.9; 71.29; 71.04; 70.67; 70.62; 70.26; 69.72; 69.03; 68.26; 68.19; 67.75; 67.87; 68.08; 67.78; 68.22; 68.07; 67.84; 68.54; 68.48; 68.47; 68.3; 68.06; 68.07; 68.02; 68.09; 68.5; 68.64; 69.05; 69.25; 69.39; 69.76; 69.91; 69.54; 69.67; 69.91; 69.83; 69.79; 69.82; 69.64; 69.99; 69.55; 69.57; 69.41; 69.24; 69.32; 69.69; 69.73; 69.9; 70.21; 70.36; 70.81; 71.11; 71.38; 72.02; 71.56; 72.26; 72.31; 72.74; 73.2; 73.88; 74.68; 75.76; 76.57; 76.67; 76.99; 77.55; 78.06; 78.15; 78.46; 78.48; 78.65; 78.99; 79.3; 79.33; 79.52; 79.93; 80.18; 80.26; 80.65; 80.68; 80.95; 81.36; 81.58; 81.77; 82.16; 82.28; 82.3; 82.42; 83.0; 83.02; 83.25; 83.22; 83.37; 83.26; 83.63; 83.51; 83.93; 83.93; 83.82; 83.79; 84.45; 84.38; 84.53; 84.39; 84.28; 84.65; 84.74; 84.24; 84.49; 84.55; 84.67; 84.44; 84.61; 84.7; 84.34; 84.5; 84.33; 84.05; 84.55; 84.37; 84.01; 84.2; 84.17; 83.85; 83.95; 83.91; 83.55; 82.98; 83.07; 82.83; 82.59; 82.43; 82.08; 82.04; 81.89; 81.49; 81.15; 81.32; 81.31; 80.91; 81.0; 80.66; 80.39; 80.38; 79.78; 79.85; 79.47; 79.11; 78.97; 78.52; 78.43; 78.68; 77.96; 77.7; 77.52; 77.25; 77.23; 76.57; 75.69; 76.17; 75.72; 74.87; 74.73; 74.29; 74.18; 73.33; 72.85; 72.5; 71.72; 71.01; 70.77; 70.48; 70.11; 70.7; 70.58; 70.02; 69.54; 69.48; 69.08; 69.02; 68.4; 67.88; 68.04; 67.46; 67.14; 66.25; 66.13; 65.31; 64.21; 63.37; 62.35; 61.62; 61.21; 60.68; 60.61; 59.52; 59.22; 59.35; 60.0; 59.82; 60.05; 60.87; 60.64; 62.0; 62.0; 62.19; 61.88; 63.77; 65.12; 64.67; 66.5; 68.78; 68.45; 69.68; 70.44; 70.19; 72.48; 74.73; 77.69; 76.95; 76.4; 78.9; 76.09; 80.91; 82.18; 84.85; 83.59; 84.49; 84.75; 88.83; 88.07
21-75-40ms; Acrylglas; #000000; 0.0; 143.83; 143.99; 144.33; 145.15; 144.86; 145.44; 145.73; 146.12; 146.14; 146.84; 147.69; 147.48; 147.56; 147.93; 148.0; 148.05; 148.26; 148.49; 148.68; 148.83; 148.82; 149.07; 149.28; 149.46; 149.48; 149.68; 149.58; 149.96; 149.98; 150.16; 149.96; 150.02; 149.82; 150.14; 149.65; 149.86; 149.94; 149.47; 149.81; 149.67; 149.05; 149.11; 148.66; 148.55; 148.25; 147.94; 148.05; 147.53; 147.24; 147.19; 146.92; 146.31; 146.09; 145.5; 145.55; 145.2; 144.74; 144.18; 144.32; 143.31; 142.81; 142.91; 142.31; 142.47; 142.3; 142.15; 141.77; 141.57; 141.73; 141.87; 141.9; 141.31; 141.56; 141.11; 141.19; 141.08; 141.04; 140.76; 140.8; 141.05; 140.87; 140.69; 140.78; 140.54; 140.55; 140.28; 140.32; 140.35; 140.87; 140.77; 140.56; 140.87; 140.75; 140.72; 140.63; 140.76; 140.57; 140.52; 140.55; 140.42; 140.58; 140.59; 140.32; 140.58; 140.7; 140.87; 140.63; 140.56; 140.33; 140.33; 140.12; 140.43; 140.06; 139.92; 139.69; 139.56; 139.67; 139.61; 139.03; 139.16; 139.21; 138.95; 138.74; 138.62; 137.52; 137.42; 137.07; 135.96; 135.5; 134.57; 133.93; 133.55; 132.95; 132.08; 131.24; 130.0; 128.88; 127.68; 126.31; 125.17; 123.88; 123.01; 121.76; 120.31; 119.62; 118.15; 117.65; 117.06; 116.19; 115.74; 115.15; 114.19; 113.75; 112.91; 112.3; 111.93; 111.27; 109.75; 108.65; 107.94; 107.16; 106.62; 106.3; 105.42; 105.22; 104.61; 104.32; 104.25; 103.96; 103.89; 103.72; 103.97; 104.67; 105.15; 106.77; 108.38; 109.34; 110.29; 111.55; 112.22; 113.23; 114.08; 114.96; 115.67; 116.28; 117.21; 118.4; 119.74; 120.83; 121.72; 122.96; 123.62; 124.48; 125.79; 126.41; 127.04; 127.51; 127.88; 128.59; 128.86; 128.72; 129.18; 129.37; 129.15; 129.15; 129.59; 130.01; 129.9; 130.09; 130.05; 130.21; 130.36; 130.2; 130.1; 130.62; 130.63; 130.52; 130.71; 130.6; 130.49; 130.71; 131.04; 130.72; 130.65; 130.77; 130.82; 130.25; 130.51; 130.33; 129.98; 130.32; 129.51; 129.76; 129.39; 129.64; 129.51; 129.66; 129.85; 129.01; 129.1; 128.85; 128.81; 128.88; 128.37; 128.22; 127.82; 127.72; 127.76; 127.33; 127.61; 126.94; 126.61; 126.4; 126.17; 125.85; 125.61; 124.97; 124.8; 124.06; 123.69; 123.35; 122.86; 121.83; 121.17; 119.93; 118.82; 117.68; 115.92; 114.05; 111.84; 108.86; 106.44; 103.53; 101.78; 99.9; 98.37; 97.51; 97.37; 97.05; 96.19; 95.4; 95.32; 95.65; 95.54; 95.04; 94.85; 94.31; 93.23; 92.75; 92.44; 92.09; 91.5; 91.52; 91.34; 91.51; 91.79; 91.64; 91.85; 92.38; 92.2; 92.4; 91.92; 91.96; 91.88; 91.74; 91.73; 92.36; 92.59; 93.5; 93.69; 93.7; 94.22; 94.02; 94.13; 93.86; 94.35; 94.24; 94.33; 94.26; 93.97; 94.14; 93.85; 93.47; 93.33; 93.01; 93.27; 93.4; 93.66; 94.03; 94.42; 94.8; 95.51; 95.37; 95.62; 96.33; 96.15; 96.68; 97.2; 97.94; 98.86; 99.57; 100.34; 101.49; 102.5; 103.14; 103.69; 104.23; 104.65; 104.79; 105.58; 105.6; 105.8; 105.75; 106.63; 106.51; 106.73; 107.49; 108.06; 107.88; 108.07; 108.35; 108.66; 108.79; 109.13; 109.73; 109.93; 109.92; 110.55; 110.94; 111.34; 112.0; 111.86; 111.54; 111.84; 111.76; 112.5; 112.25; 112.21; 112.37; 112.88; 112.69; 113.31; 113.23; 113.42; 113.21; 113.47; 113.91; 113.95; 113.34; 113.23; 113.22; 113.57; 113.26; 112.93; 113.51; 113.18; 113.25; 112.8; 113.02; 113.15; 113.01; 112.75; 112.87; 112.52; 112.29; 112.55; 112.46; 111.73; 111.23; 111.24; 110.93; 110.65; 110.33; 110.08; 109.61; 109.6; 108.92; 108.59; 108.55; 108.73; 108.59; 108.64; 107.84; 107.81; 107.75; 107.31; 107.15; 106.7; 106.69; 106.12; 105.59; 105.64; 105.28; 104.73; 104.53; 104.45; 103.77; 103.77; 103.0; 102.4; 103.07; 102.42; 101.17; 100.78; 100.51; 100.07; 98.88; 97.94; 97.14; 96.18; 95.37; 94.87; 94.59; 94.58; 94.35; 94.09; 93.87; 93.45; 93.12; 92.73; 92.78; 92.12; 91.77; 91.79; 91.05; 90.87; 89.61; 89.37; 88.42; 87.36; 85.72; 84.72; 83.81; 83.37; 82.53; 82.04; 81.61; 80.94; 81.39; 81.56; 81.26; 81.63; 82.21; 83.36; 84.0; 83.67; 84.77; 83.91; 86.34; 88.08; 86.84; 89.0; 92.59; 93.52; 94.75; 95.91; 96.47; 95.64; 97.8; 101.15; 101.56; 102.0; 101.69; 103.04; 107.73; 111.88; 109.09; 112.31; 113.9; 111.86; 113.3; 117.61
02-75-40ms; PET; #00ff00; 0.0; 208.92; 208.71; 209.2; 209.7; 209.15; 210.04; 208.93; 210.08; 209.97; 210.6; 211.24; 210.8; 210.64; 210.63; 210.25; 210.89; 210.95; 211.38; 211.84; 212.43; 212.3; 212.82; 213.08; 213.54; 213.56; 213.78; 213.86; 214.84; 214.72; 215.36; 214.97; 215.55; 215.24; 215.95; 215.89; 215.86; 216.22; 215.88; 216.47; 216.13; 215.37; 215.65; 215.21; 214.97; 215.19; 214.2; 214.75; 213.92; 213.76; 214.58; 214.15; 213.43; 212.91; 212.12; 212.24; 211.96; 211.4; 210.63; 210.39; 209.43; 208.87; 208.78; 208.46; 208.28; 207.63; 207.55; 206.64; 205.97; 205.5; 205.54; 205.28; 204.56; 204.28; 203.36; 203.24; 203.02; 203.15; 202.63; 202.34; 202.8; 202.18; 201.6; 201.63; 201.71; 201.44; 200.9; 200.57; 200.24; 200.77; 200.48; 200.18; 200.33; 200.06; 200.47; 200.03; 199.88; 199.73; 199.44; 199.59; 199.53; 199.53; 199.35; 199.0; 199.29; 199.21; 199.68; 198.98; 199.15; 198.95; 198.75; 198.72; 198.95; 198.81; 198.93; 198.79; 198.73; 198.96; 198.96; 198.8; 198.91; 199.12; 198.75; 199.29; 199.38; 197.98; 198.62; 198.6; 197.48; 197.86; 197.0; 196.4; 195.79; 194.33; 193.39; 192.23; 190.42; 189.37; 187.49; 185.19; 183.46; 181.85; 181.22; 181.58; 182.66; 184.29; 185.99; 188.47; 190.91; 192.52; 194.02; 194.7; 194.85; 195.68; 195.45; 195.25; 195.2; 195.29; 194.64; 193.46; 193.55; 193.49; 193.17; 192.69; 191.76; 191.35; 190.67; 190.24; 189.75; 188.94; 188.16; 187.29; 186.96; 186.27; 185.43; 185.83; 185.96; 185.55; 185.83; 186.24; 185.7; 185.79; 185.92; 186.31; 186.1; 185.68; 185.86; 186.4; 187.03; 186.98; 187.43; 188.21; 187.91; 187.57; 188.46; 188.88; 189.15; 189.84; 190.03; 191.29; 191.6; 191.61; 192.82; 193.27; 193.1; 193.2; 194.39; 195.02; 195.13; 195.34; 195.54; 195.88; 196.35; 196.04; 195.6; 196.58; 196.68; 195.99; 196.55; 195.99; 195.73; 196.24; 197.04; 196.59; 196.5; 196.57; 197.07; 196.33; 196.92; 196.63; 196.27; 196.9; 195.77; 196.08; 195.89; 196.49; 196.89; 197.11; 197.05; 195.9; 195.88; 195.44; 196.09; 196.1; 195.44; 195.27; 194.63; 195.05; 195.51; 194.73; 195.95; 194.61; 194.0; 194.05; 193.86; 193.62; 193.75; 193.01; 192.99; 192.64; 192.6; 192.46; 192.98; 192.45; 192.13; 191.34; 191.17; 191.52; 191.45; 191.62; 191.85; 191.4; 191.26; 190.32; 190.55; 189.89; 189.06; 188.3; 188.05; 187.82; 186.2; 184.53; 184.68; 185.09; 184.57; 182.44; 181.88; 181.56; 180.35; 180.02; 179.71; 179.11; 178.19; 178.06; 177.37; 176.87; 176.85; 176.22; 175.77; 176.16; 174.91; 174.37; 172.95; 172.98; 172.71; 172.52; 172.73; 173.59; 173.35; 173.63; 172.66; 171.21; 170.4; 169.03; 168.04; 166.8; 167.27; 166.97; 167.0; 166.95; 166.51; 166.68; 166.59; 166.67; 166.96; 166.86; 167.17; 168.28; 168.99; 170.28; 171.22; 171.53; 172.94; 173.18; 173.21; 174.22; 174.63; 175.8; 176.98; 178.48; 179.06; 178.98; 178.95; 179.22; 179.98; 179.59; 179.41; 180.45; 180.79; 180.94; 181.95; 182.12; 182.65; 182.94; 184.36; 184.3; 184.69; 185.4; 186.44; 186.35; 186.7; 186.75; 187.43; 187.7; 188.29; 189.23; 189.24; 189.21; 189.36; 190.0; 190.42; 191.54; 191.06; 190.37; 190.94; 190.66; 191.64; 191.19; 191.5; 191.21; 191.66; 191.91; 192.58; 192.41; 192.94; 192.45; 193.35; 194.02; 194.04; 193.46; 192.98; 193.45; 193.41; 193.16; 192.67; 193.1; 193.34; 193.93; 192.87; 193.01; 193.23; 193.14; 193.04; 193.58; 193.28; 192.6; 193.88; 193.92; 192.82; 192.29; 192.64; 192.48; 192.37; 192.09; 192.22; 191.81; 192.16; 191.42; 191.24; 191.89; 191.68; 191.83; 192.36; 191.99; 191.63; 191.14; 190.52; 190.79; 190.5; 190.96; 190.26; 190.08; 190.49; 189.66; 189.14; 189.33; 188.94; 188.12; 188.4; 187.53; 186.08; 188.21; 186.93; 185.11; 184.66; 182.75; 180.88; 177.43; 174.58; 174.42; 174.22; 174.38; 174.71; 174.31; 172.9; 171.4; 169.44; 167.78; 165.41; 163.75; 160.56; 157.14; 151.33; 144.94; 138.79; 131.44; 125.51; 120.07; 116.29; 111.77; 107.91; 104.33; 101.94; 100.71; 100.06; 99.59; 99.19; 98.87; 98.85; 99.81; 101.35; 103.82; 107.03; 110.67; 114.76; 117.85; 120.67; 123.3; 124.71; 129.61; 130.91; 129.1; 133.0; 136.51; 139.72; 141.69; 147.48; 148.72; 151.01; 158.97; 161.92; 157.81; 157.2; 157.81; 156.09; 160.91; 168.81; 168.18; 169.23; 171.12; 172.88; 170.21; 172.73
02-60-40ms; PET; #00ff00; 0.0; 24.64; 24.76; 24.67; 24.8; 24.74; 24.81; 24.85; 24.87; 24.91; 24.91; 24.88; 24.96; 25.04; 25.12; 25.22; 25.26; 25.32; 25.41; 25.43; 25.45; 25.52; 25.54; 25.57; 25.58; 25.65; 25.68; 25.66; 25.67; 25.66; 25.68; 25.7; 25.67; 25.61; 25.68; 25.68; 25.61; 25.52; 25.53; 25.54; 25.44; 25.42; 25.36; 25.35; 25.29; 25.27; 25.25; 25.19; 25.09; 25.1; 25.02; 24.99; 25.0; 24.95; 24.93; 24.93; 24.81; 24.87; 24.83; 24.78; 24.78; 24.72; 24.7; 24.7; 24.7; 24.69; 24.65; 24.65; 24.63; 24.66; 24.66; 24.59; 24.59; 24.59; 24.64; 24.59; 24.57; 24.55; 24.54; 24.54; 24.54; 24.51; 24.6; 24.55; 24.51; 24.6; 24.6; 24.63; 24.6; 24.63; 24.61; 24.63; 24.65; 24.66; 24.65; 24.7; 24.73; 24.68; 24.76; 24.77; 24.8; 24.79; 24.8; 24.81; 24.88; 24.87; 24.86; 24.89; 24.93; 24.91; 24.95; 24.98; 24.96; 25.0; 25.03; 25.01; 25.04; 25.06; 25.08; 25.1; 25.11; 25.11; 25.14; 25.09; 25.14; 25.16; 25.11; 25.14; 25.11; 25.07; 25.04; 24.94; 24.88; 24.79; 24.68; 24.57; 24.32; 24.21; 24.05; 23.8; 23.59; 23.39; 23.34; 23.35; 23.5; 23.68; 23.93; 24.1; 24.4; 24.55; 24.74; 24.81; 24.83; 24.85; 24.86; 24.77; 24.73; 24.71; 24.68; 24.57; 24.5; 24.46; 24.4; 24.35; 24.29; 24.19; 24.09; 24.0; 23.94; 23.81; 23.76; 23.67; 23.6; 23.53; 23.46; 23.46; 23.39; 23.36; 23.35; 23.26; 23.32; 23.27; 23.25; 23.34; 23.29; 23.29; 23.26; 23.26; 23.28; 23.28; 23.33; 23.37; 23.4; 23.48; 23.45; 23.48; 23.56; 23.61; 23.66; 23.72; 23.8; 23.82; 23.9; 23.97; 24.0; 24.07; 24.08; 24.15; 24.22; 24.27; 24.27; 24.29; 24.29; 24.34; 24.36; 24.38; 24.4; 24.48; 24.54; 24.46; 24.48; 24.52; 24.54; 24.53; 24.55; 24.53; 24.52; 24.57; 24.56; 24.6; 24.56; 24.58; 24.63; 24.6; 24.64; 24.64; 24.62; 24.55; 24.64; 24.62; 24.61; 24.59; 24.56; 24.63; 24.69; 24.63; 24.61; 24.62; 24.69; 24.7; 24.66; 24.74; 24.65; 24.67; 24.61; 24.65; 24.62; 24.69; 24.63; 24.66; 24.62; 24.65; 24.69; 24.69; 24.62; 24.64; 24.61; 24.6; 24.63; 24.58; 24.64; 24.62; 24.67; 24.57; 24.56; 24.52; 24.49; 24.41; 24.38; 24.3; 24.26; 24.13; 24.1; 23.96; 23.85; 23.8; 23.68; 23.66; 23.6; 23.54; 23.47; 23.41; 23.42; 23.36; 23.36; 23.33; 23.33; 23.31; 23.32; 23.22; 23.14; 23.09; 23.01; 22.99; 22.94; 22.99; 23.01; 22.99; 22.97; 22.93; 22.9; 22.83; 22.63; 22.6; 22.47; 22.45; 22.44; 22.43; 22.43; 22.47; 22.43; 22.45; 22.44; 22.5; 22.51; 22.62; 22.67; 22.74; 22.83; 22.92; 23.08; 23.14; 23.2; 23.28; 23.35; 23.41; 23.52; 23.57; 23.61; 23.64; 23.71; 23.74; 23.81; 23.91; 23.89; 23.87; 23.98; 24.06; 24.1; 24.14; 24.13; 24.14; 24.21; 24.24; 24.31; 24.37; 24.39; 24.46; 24.57; 24.6; 24.67; 24.67; 24.71; 24.79; 24.82; 24.86; 24.95; 24.93; 24.99; 24.91; 24.93; 24.92; 24.98; 24.94; 24.95; 24.9; 24.98; 24.9; 24.92; 24.92; 24.93; 24.94; 24.98; 25.04; 25.01; 25.01; 24.98; 25.0; 25.03; 25.02; 24.97; 24.96; 24.91; 24.93; 24.84; 24.89; 24.87; 24.82; 24.89; 24.9; 24.87; 24.81; 24.82; 24.79; 24.74; 24.76; 24.79; 24.8; 24.71; 24.67; 24.66; 24.61; 24.66; 24.64; 24.6; 24.56; 24.53; 24.54; 24.49; 24.57; 24.5; 24.46; 24.4; 24.46; 24.44; 24.41; 24.23; 24.22; 24.23; 24.25; 24.25; 24.23; 24.17; 24.2; 24.14; 24.1; 24.05; 23.98; 24.01; 23.9; 23.85; 23.78; 23.74; 23.63; 23.51; 23.29; 23.01; 22.71; 22.48; 22.39; 22.49; 22.54; 22.53; 22.42; 22.32; 22.08; 21.97; 21.73; 21.54; 21.36; 21.06; 20.61; 20.0; 19.36; 18.63; 17.95; 17.24; 16.6; 16.28; 15.73; 15.33; 15.01; 14.79; 14.58; 14.35; 14.23; 14.24; 14.18; 14.23; 14.19; 14.33; 14.6; 14.87; 15.39; 15.47; 15.7; 15.9; 16.18; 16.73; 16.99; 16.64; 17.15; 17.49; 16.99; 17.35; 17.71; 18.26; 18.31; 18.92; 19.12; 19.5; 18.82; 19.15; 18.92; 19.19; 19.41; 19.04; 19.24; 19.3; 18.97; 20.22; 19.61; 19.5
02-60-30ms; PET; #00ff00; 0.0; 18.47; 18.45; 18.39; 18.45; 18.55; 18.49; 18.54; 18.57; 18.62; 18.65; 18.6; 18.72; 18.71; 18.78; 18.84; 18.92; 18.86; 18.98; 19.02; 19.05; 19.07; 19.1; 19.1; 19.1; 19.16; 19.18; 19.22; 19.2; 19.21; 19.22; 19.21; 19.2; 19.17; 19.19; 19.2; 19.09; 19.09; 19.1; 19.07; 19.03; 18.97; 18.94; 18.93; 18.88; 18.95; 18.87; 18.79; 18.74; 18.8; 18.73; 18.67; 18.68; 18.66; 18.64; 18.55; 18.58; 18.57; 18.55; 18.49; 18.52; 18.47; 18.47; 18.51; 18.49; 18.44; 18.44; 18.42; 18.36; 18.41; 18.44; 18.38; 18.36; 18.39; 18.39; 18.37; 18.37; 18.35; 18.36; 18.36; 18.36; 18.32; 18.38; 18.37; 18.34; 18.4; 18.4; 18.39; 18.45; 18.42; 18.42; 18.42; 18.42; 18.44; 18.41; 18.47; 18.49; 18.46; 18.54; 18.54; 18.54; 18.54; 18.55; 18.57; 18.61; 18.6; 18.58; 18.64; 18.64; 18.61; 18.65; 18.71; 18.67; 18.74; 18.74; 18.76; 18.78; 18.77; 18.77; 18.78; 18.79; 18.81; 18.81; 18.81; 18.78; 18.79; 18.79; 18.81; 18.8; 18.76; 18.72; 18.65; 18.64; 18.56; 18.5; 18.39; 18.2; 18.1; 18.02; 17.82; 17.65; 17.51; 17.48; 17.48; 17.58; 17.74; 17.93; 18.04; 18.26; 18.41; 18.5; 18.56; 18.57; 18.56; 18.61; 18.54; 18.52; 18.49; 18.49; 18.38; 18.35; 18.3; 18.24; 18.18; 18.15; 18.09; 18.02; 17.93; 17.9; 17.79; 17.76; 17.74; 17.7; 17.61; 17.56; 17.53; 17.46; 17.49; 17.44; 17.39; 17.42; 17.43; 17.42; 17.47; 17.42; 17.4; 17.43; 17.38; 17.43; 17.45; 17.47; 17.49; 17.53; 17.57; 17.58; 17.58; 17.65; 17.66; 17.71; 17.75; 17.81; 17.85; 17.88; 17.93; 17.98; 18.05; 18.06; 18.07; 18.12; 18.17; 18.2; 18.22; 18.18; 18.23; 18.25; 18.27; 18.28; 18.35; 18.35; 18.36; 18.36; 18.35; 18.35; 18.35; 18.36; 18.38; 18.36; 18.39; 18.39; 18.43; 18.36; 18.42; 18.43; 18.4; 18.45; 18.49; 18.45; 18.4; 18.47; 18.38; 18.45; 18.44; 18.4; 18.43; 18.47; 18.46; 18.46; 18.44; 18.48; 18.48; 18.53; 18.51; 18.5; 18.48; 18.43; 18.46; 18.46; 18.45; 18.43; 18.47; 18.42; 18.47; 18.48; 18.48; 18.45; 18.43; 18.39; 18.43; 18.45; 18.39; 18.44; 18.42; 18.47; 18.41; 18.38; 18.34; 18.31; 18.3; 18.27; 18.2; 18.14; 18.05; 18.02; 17.93; 17.87; 17.8; 17.71; 17.72; 17.67; 17.63; 17.58; 17.54; 17.55; 17.5; 17.48; 17.49; 17.47; 17.43; 17.4; 17.4; 17.31; 17.25; 17.18; 17.21; 17.18; 17.23; 17.2; 17.2; 17.23; 17.17; 17.15; 17.1; 16.94; 16.91; 16.83; 16.81; 16.83; 16.8; 16.78; 16.81; 16.82; 16.82; 16.8; 16.86; 16.84; 16.93; 16.97; 16.99; 17.1; 17.13; 17.26; 17.31; 17.35; 17.4; 17.47; 17.52; 17.62; 17.64; 17.68; 17.66; 17.76; 17.74; 17.81; 17.87; 17.89; 17.85; 17.95; 18.0; 18.05; 18.04; 18.03; 18.07; 18.13; 18.14; 18.17; 18.24; 18.22; 18.31; 18.39; 18.43; 18.44; 18.5; 18.5; 18.55; 18.56; 18.64; 18.63; 18.65; 18.66; 18.62; 18.64; 18.66; 18.65; 18.63; 18.66; 18.62; 18.7; 18.64; 18.68; 18.67; 18.64; 18.67; 18.67; 18.73; 18.71; 18.73; 18.71; 18.74; 18.72; 18.75; 18.7; 18.67; 18.66; 18.62; 18.58; 18.65; 18.61; 18.61; 18.6; 18.6; 18.59; 18.57; 18.56; 18.55; 18.51; 18.54; 18.5; 18.51; 18.49; 18.46; 18.47; 18.4; 18.42; 18.43; 18.37; 18.37; 18.33; 18.34; 18.32; 18.35; 18.31; 18.24; 18.24; 18.31; 18.26; 18.24; 18.13; 18.08; 18.11; 18.09; 18.08; 18.07; 18.09; 18.07; 18.04; 17.99; 17.94; 17.88; 17.91; 17.81; 17.81; 17.78; 17.71; 17.66; 17.54; 17.39; 17.21; 16.98; 16.81; 16.71; 16.79; 16.85; 16.82; 16.75; 16.69; 16.47; 16.4; 16.19; 16.08; 15.93; 15.72; 15.4; 14.95; 14.46; 13.88; 13.36; 12.89; 12.46; 12.08; 11.73; 11.45; 11.15; 11.03; 10.89; 10.71; 10.65; 10.6; 10.57; 10.66; 10.53; 10.71; 10.83; 11.05; 11.58; 11.37; 11.77; 11.93; 12.14; 12.33; 12.54; 12.47; 12.97; 13.1; 12.71; 12.92; 13.1; 13.32; 13.41; 14.3; 14.21; 14.2; 14.4; 14.27; 14.06; 14.11; 14.08; 13.83; 13.72; 13.89; 14.36; 14.83; 14.62; 14.47
21-60-30ms; Acrylglas; #000000; 0.0; 19.87; 19.8; 19.83; 19.98; 19.96; 20.15; 20.08; 20.16; 20.2; 20.2; 20.28; 20.35; 20.38; 20.42; 20.51; 20.54; 20.56; 20.61; 20.65; 20.64; 20.68; 20.64; 20.68; 20.65; 20.73; 20.68; 20.65; 20.63; 20.6; 20.6; 20.61; 20.58; 20.53; 20.46; 20.48; 20.41; 20.34; 20.32; 20.34; 20.29; 20.26; 20.2; 20.12; 20.09; 20.1; 20.06; 20.0; 19.97; 19.96; 19.84; 19.81; 19.79; 19.78; 19.72; 19.69; 19.68; 19.67; 19.65; 19.58; 19.54; 19.5; 19.55; 19.5; 19.48; 19.48; 19.48; 19.5; 19.48; 19.49; 19.55; 19.54; 19.6; 19.6; 19.61; 19.59; 19.56; 19.59; 19.57; 19.59; 19.6; 19.52; 19.66; 19.58; 19.56; 19.63; 19.61; 19.66; 19.7; 19.72; 19.72; 19.73; 19.76; 19.79; 19.69; 19.79; 19.78; 19.74; 19.79; 19.79; 19.81; 19.83; 19.83; 19.85; 19.85; 19.91; 19.87; 19.93; 19.89; 19.88; 19.88; 19.93; 19.92; 19.9; 19.86; 19.87; 19.85; 19.84; 19.84; 19.85; 19.84; 19.78; 19.78; 19.73; 19.72; 19.67; 19.58; 19.53; 19.46; 19.35; 19.27; 19.21; 19.14; 19.13; 18.99; 18.86; 18.69; 18.52; 18.4; 18.2; 18.06; 17.9; 17.74; 17.58; 17.43; 17.27; 17.23; 17.06; 16.96; 16.86; 16.81; 16.69; 16.58; 16.46; 16.38; 16.29; 16.18; 16.03; 15.92; 15.75; 15.57; 15.49; 15.36; 15.29; 15.19; 15.11; 15.08; 14.97; 14.95; 14.89; 14.92; 14.89; 14.92; 14.92; 15.06; 15.21; 15.37; 15.53; 15.65; 15.76; 15.89; 16.02; 16.13; 16.24; 16.32; 16.41; 16.53; 16.66; 16.82; 16.9; 17.06; 17.21; 17.32; 17.48; 17.58; 17.72; 17.78; 17.87; 17.96; 17.97; 18.0; 18.0; 18.07; 18.08; 18.06; 18.13; 18.17; 18.16; 18.17; 18.23; 18.27; 18.25; 18.25; 18.28; 18.3; 18.33; 18.31; 18.35; 18.35; 18.35; 18.4; 18.38; 18.36; 18.35; 18.36; 18.39; 18.37; 18.38; 18.36; 18.35; 18.3; 18.32; 18.31; 18.3; 18.28; 18.3; 18.31; 18.23; 18.3; 18.24; 18.23; 18.22; 18.25; 18.17; 18.21; 18.21; 18.16; 18.15; 18.12; 18.11; 18.12; 18.13; 18.08; 18.09; 18.01; 17.98; 17.97; 17.95; 17.86; 17.87; 17.82; 17.73; 17.74; 17.65; 17.45; 17.4; 17.25; 17.07; 16.87; 16.65; 16.37; 16.06; 15.73; 15.39; 15.1; 14.87; 14.72; 14.64; 14.56; 14.53; 14.48; 14.44; 14.4; 14.36; 14.38; 14.39; 14.27; 14.28; 14.17; 14.12; 14.07; 14.0; 13.97; 13.94; 13.97; 14.06; 14.06; 14.06; 14.07; 14.12; 14.13; 14.06; 14.07; 14.12; 14.03; 14.08; 14.09; 14.15; 14.2; 14.24; 14.34; 14.33; 14.39; 14.42; 14.42; 14.43; 14.46; 14.49; 14.43; 14.47; 14.41; 14.42; 14.39; 14.37; 14.38; 14.4; 14.36; 14.38; 14.43; 14.44; 14.51; 14.54; 14.58; 14.64; 14.69; 14.74; 14.78; 14.81; 14.81; 14.8; 14.91; 15.03; 15.13; 15.35; 15.44; 15.55; 15.61; 15.7; 15.74; 15.73; 15.79; 15.8; 15.84; 15.84; 15.9; 15.94; 15.96; 15.99; 16.04; 16.05; 16.07; 16.15; 16.1; 16.13; 16.21; 16.25; 16.24; 16.25; 16.29; 16.3; 16.36; 16.39; 16.39; 16.36; 16.37; 16.37; 16.38; 16.37; 16.38; 16.39; 16.41; 16.46; 16.45; 16.41; 16.42; 16.47; 16.42; 16.47; 16.45; 16.48; 16.47; 16.48; 16.45; 16.4; 16.39; 16.38; 16.41; 16.38; 16.37; 16.37; 16.34; 16.31; 16.3; 16.24; 16.22; 16.16; 16.11; 16.13; 16.09; 16.08; 16.06; 15.99; 15.93; 15.93; 15.87; 15.81; 15.71; 15.68; 15.74; 15.67; 15.66; 15.62; 15.6; 15.54; 15.54; 15.45; 15.39; 15.38; 15.43; 15.33; 15.25; 15.21; 15.18; 15.16; 15.16; 15.06; 15.08; 15.02; 14.93; 14.91; 14.89; 14.75; 14.74; 14.66; 14.58; 14.51; 14.45; 14.33; 14.27; 14.21; 14.08; 14.02; 13.93; 13.85; 13.82; 13.83; 13.9; 13.81; 13.74; 13.78; 13.66; 13.65; 13.65; 13.6; 13.51; 13.5; 13.36; 13.3; 13.25; 13.04; 12.93; 12.82; 12.73; 12.56; 12.36; 12.25; 12.11; 12.17; 12.12; 11.97; 12.02; 12.07; 11.97; 12.18; 12.09; 12.13; 12.17; 12.11; 12.41; 12.41; 12.43; 12.73; 12.94; 12.88; 12.57; 12.61; 12.93; 13.21; 13.8; 13.54; 13.26; 13.58; 13.42; 13.88; 14.48; 14.08; 14.03; 14.02; 14.74; 14.14; 14.94; 14.97; 14.11
21-60-40ms; Acrylglas; #000000; 0.0; 26.99; 27.02; 26.98; 27.11; 27.03; 27.26; 27.18; 27.33; 27.39; 27.46; 27.46; 27.54; 27.59; 27.7; 27.7; 27.78; 27.77; 27.79; 27.8; 27.89; 27.93; 27.91; 27.9; 27.86; 27.93; 27.9; 27.81; 27.84; 27.82; 27.79; 27.75; 27.68; 27.66; 27.62; 27.59; 27.58; 27.45; 27.45; 27.45; 27.39; 27.32; 27.25; 27.17; 27.12; 27.17; 27.05; 27.01; 26.92; 26.97; 26.87; 26.86; 26.79; 26.73; 26.71; 26.64; 26.69; 26.66; 26.61; 26.54; 26.57; 26.51; 26.46; 26.47; 26.45; 26.43; 26.45; 26.47; 26.48; 26.47; 26.52; 26.55; 26.58; 26.59; 26.6; 26.6; 26.6; 26.57; 26.59; 26.57; 26.61; 26.54; 26.64; 26.6; 26.6; 26.62; 26.64; 26.65; 26.68; 26.73; 26.74; 26.78; 26.77; 26.77; 26.75; 26.82; 26.83; 26.81; 26.86; 26.86; 26.88; 26.88; 26.87; 26.94; 26.93; 26.95; 26.94; 26.94; 26.99; 26.94; 26.97; 26.92; 26.94; 26.94; 26.92; 26.92; 26.9; 26.9; 26.89; 26.88; 26.84; 26.85; 26.79; 26.73; 26.73; 26.63; 26.59; 26.46; 26.34; 26.23; 26.15; 26.02; 25.93; 25.85; 25.73; 25.55; 25.35; 25.12; 24.93; 24.7; 24.45; 24.27; 24.08; 23.87; 23.67; 23.44; 23.35; 23.15; 23.02; 22.86; 22.76; 22.66; 22.48; 22.3; 22.22; 22.02; 21.96; 21.75; 21.57; 21.34; 21.16; 21.02; 20.85; 20.71; 20.64; 20.49; 20.43; 20.32; 20.29; 20.21; 20.21; 20.18; 20.26; 20.32; 20.45; 20.61; 20.84; 20.98; 21.21; 21.38; 21.54; 21.66; 21.8; 21.92; 22.08; 22.23; 22.4; 22.56; 22.74; 22.88; 23.07; 23.29; 23.47; 23.66; 23.82; 23.95; 24.1; 24.18; 24.26; 24.35; 24.38; 24.42; 24.47; 24.48; 24.51; 24.54; 24.58; 24.61; 24.67; 24.69; 24.71; 24.76; 24.72; 24.78; 24.76; 24.78; 24.82; 24.88; 24.9; 24.91; 24.98; 24.94; 24.93; 24.94; 24.93; 24.92; 24.92; 24.96; 24.92; 24.92; 24.88; 24.9; 24.86; 24.88; 24.87; 24.89; 24.86; 24.79; 24.83; 24.77; 24.76; 24.75; 24.76; 24.77; 24.73; 24.74; 24.71; 24.69; 24.69; 24.66; 24.64; 24.59; 24.59; 24.57; 24.53; 24.46; 24.42; 24.38; 24.32; 24.29; 24.21; 24.12; 24.05; 23.92; 23.82; 23.65; 23.44; 23.28; 22.95; 22.6; 22.23; 21.82; 21.42; 21.01; 20.63; 20.3; 20.11; 19.99; 19.92; 19.83; 19.76; 19.7; 19.61; 19.58; 19.57; 19.58; 19.49; 19.51; 19.39; 19.25; 19.19; 19.07; 19.06; 19.0; 19.06; 19.12; 19.12; 19.2; 19.22; 19.27; 19.28; 19.26; 19.24; 19.25; 19.19; 19.22; 19.2; 19.3; 19.33; 19.42; 19.45; 19.55; 19.6; 19.63; 19.65; 19.64; 19.69; 19.71; 19.73; 19.73; 19.72; 19.71; 19.64; 19.65; 19.6; 19.64; 19.68; 19.69; 19.69; 19.69; 19.8; 19.86; 19.92; 19.94; 20.01; 20.03; 20.13; 20.16; 20.17; 20.23; 20.33; 20.49; 20.64; 20.86; 21.03; 21.18; 21.28; 21.33; 21.4; 21.4; 21.43; 21.44; 21.5; 21.54; 21.62; 21.63; 21.65; 21.73; 21.79; 21.83; 21.88; 21.82; 21.86; 21.87; 21.99; 21.96; 21.99; 22.09; 22.15; 22.13; 22.19; 22.15; 22.23; 22.22; 22.22; 22.2; 22.23; 22.22; 22.24; 22.28; 22.27; 22.33; 22.34; 22.27; 22.34; 22.34; 22.28; 22.32; 22.33; 22.29; 22.26; 22.34; 22.29; 22.27; 22.25; 22.28; 22.26; 22.21; 22.18; 22.22; 22.19; 22.15; 22.1; 22.1; 22.04; 22.02; 21.99; 21.98; 21.9; 21.88; 21.87; 21.79; 21.75; 21.64; 21.62; 21.6; 21.55; 21.49; 21.39; 21.42; 21.33; 21.33; 21.21; 21.2; 21.13; 21.13; 21.06; 21.04; 20.98; 20.92; 20.87; 20.75; 20.73; 20.73; 20.67; 20.57; 20.53; 20.44; 20.44; 20.36; 20.26; 20.18; 20.15; 20.07; 19.96; 19.82; 19.81; 19.58; 19.47; 19.31; 19.28; 19.07; 18.97; 18.87; 18.92; 18.9; 18.94; 18.89; 18.81; 18.76; 18.74; 18.63; 18.59; 18.59; 18.5; 18.44; 18.34; 18.13; 18.11; 17.84; 17.77; 17.55; 17.36; 17.16; 16.97; 16.84; 16.73; 16.63; 16.56; 16.47; 16.47; 16.68; 16.65; 16.68; 16.82; 16.79; 16.77; 16.82; 17.09; 17.07; 16.87; 17.59; 17.91; 17.59; 17.75; 17.71; 18.32; 18.38; 18.49; 18.82; 19.19; 18.99; 19.32; 19.27; 20.02; 19.51; 20.04; 19.65; 20.57; 20.29; 20.9; 21.0; 20.93
02-60.2-40ms; PET; #00ff00; 0.0; 74.93; 74.88; 74.79; 74.69; 74.63; 74.73; 74.77; 74.86; 74.98; 75.02; 74.92; 74.97; 75.01; 75.23; 75.42; 75.52; 75.51; 75.72; 75.74; 75.88; 75.97; 76.06; 76.33; 76.46; 76.6; 76.91; 76.91; 76.88; 77.13; 77.41; 77.52; 77.5; 77.55; 77.6; 77.74; 77.78; 77.84; 77.86; 77.9; 77.91; 77.9; 78.0; 77.98; 77.86; 77.8; 77.77; 77.71; 77.73; 77.63; 77.52; 77.39; 77.31; 77.18; 76.96; 76.89; 76.7; 76.51; 76.36; 76.33; 76.14; 76.05; 75.8; 75.6; 75.5; 75.47; 75.15; 75.0; 74.71; 74.61; 74.42; 74.31; 74.12; 73.87; 73.74; 73.53; 73.46; 73.14; 72.89; 72.81; 72.72; 72.6; 72.46; 72.44; 72.28; 72.32; 72.06; 71.98; 71.86; 71.71; 71.56; 71.48; 71.38; 71.41; 71.38; 71.17; 71.15; 71.01; 70.94; 70.95; 70.87; 70.8; 70.8; 70.77; 70.63; 70.67; 70.64; 70.67; 70.63; 70.73; 70.73; 70.58; 70.49; 70.5; 70.49; 70.32; 70.38; 70.25; 70.26; 70.38; 70.21; 70.19; 70.27; 70.32; 70.27; 70.23; 70.01; 69.79; 69.81; 69.57; 69.37; 69.09; 68.92; 68.41; 68.2; 67.75; 67.06; 66.49; 66.0; 65.13; 64.36; 63.78; 63.42; 63.56; 64.12; 64.79; 65.55; 66.26; 66.94; 67.77; 68.36; 68.52; 68.6; 68.65; 68.7; 68.59; 68.42; 68.5; 68.6; 68.36; 68.32; 68.2; 67.93; 67.71; 67.52; 67.36; 67.22; 66.91; 66.93; 66.8; 66.58; 66.47; 66.23; 66.07; 65.89; 65.92; 65.82; 65.9; 65.92; 66.0; 66.01; 65.87; 66.05; 65.99; 65.81; 65.94; 66.07; 66.36; 66.46; 66.55; 66.66; 66.86; 66.9; 66.99; 67.19; 67.34; 67.44; 67.58; 67.75; 68.08; 68.22; 68.42; 68.61; 68.9; 69.33; 69.46; 69.69; 69.61; 69.45; 69.55; 69.65; 69.85; 69.75; 69.66; 69.75; 69.71; 70.06; 70.07; 69.99; 70.02; 70.07; 70.31; 70.18; 70.19; 69.86; 69.87; 69.74; 69.67; 69.77; 69.7; 69.6; 69.64; 69.64; 69.45; 69.34; 69.34; 69.52; 69.6; 69.45; 69.14; 69.21; 69.2; 69.19; 68.92; 69.07; 69.05; 68.9; 68.98; 69.03; 69.01; 68.67; 68.9; 68.76; 68.34; 68.43; 68.36; 68.22; 68.25; 68.3; 68.33; 68.13; 67.9; 67.98; 67.87; 67.89; 67.55; 67.47; 67.51; 67.64; 67.46; 67.59; 67.68; 67.53; 67.7; 67.34; 67.15; 66.76; 66.56; 66.39; 66.03; 65.9; 65.71; 65.44; 65.32; 65.07; 64.66; 64.32; 64.14; 63.63; 63.46; 63.12; 63.02; 62.69; 62.36; 62.33; 61.87; 61.71; 61.58; 61.61; 61.63; 61.72; 61.47; 61.09; 60.85; 60.83; 60.56; 60.57; 60.66; 60.57; 60.62; 60.07; 59.81; 59.63; 58.96; 58.8; 58.48; 58.09; 58.08; 58.4; 58.42; 58.59; 58.41; 58.33; 58.27; 58.44; 58.47; 58.65; 59.08; 59.35; 59.76; 60.04; 60.23; 60.38; 60.55; 60.9; 61.1; 61.69; 61.85; 62.08; 62.07; 62.35; 62.5; 62.66; 62.87; 62.99; 63.16; 63.05; 63.19; 63.39; 63.54; 63.88; 63.96; 64.31; 64.38; 64.6; 64.98; 65.19; 65.17; 65.4; 65.62; 65.65; 66.04; 65.82; 66.1; 66.5; 66.81; 66.97; 66.98; 67.11; 67.27; 67.02; 67.03; 67.21; 67.43; 67.51; 67.55; 67.69; 67.75; 67.27; 67.61; 68.02; 68.15; 68.23; 68.4; 68.12; 68.17; 68.35; 68.61; 68.67; 68.58; 68.53; 68.76; 68.72; 68.63; 68.82; 68.55; 68.8; 69.03; 69.2; 68.98; 68.9; 69.25; 69.34; 68.97; 68.91; 68.7; 68.97; 69.03; 69.24; 69.12; 68.91; 68.71; 68.88; 68.88; 68.77; 68.66; 68.87; 69.01; 68.85; 68.75; 68.72; 68.59; 68.13; 68.1; 68.11; 68.23; 68.12; 67.87; 67.72; 67.84; 67.43; 67.22; 67.14; 67.01; 67.07; 67.41; 66.91; 66.83; 66.3; 66.41; 66.15; 65.76; 65.87; 65.56; 65.27; 64.87; 63.74; 62.76; 62.08; 61.81; 62.35; 62.41; 61.97; 61.95; 61.41; 60.68; 60.31; 59.81; 58.93; 58.32; 57.09; 55.65; 53.92; 51.49; 48.66; 46.38; 44.01; 42.18; 40.32; 39.14; 37.89; 36.68; 35.6; 35.02; 34.64; 34.35; 34.15; 34.07; 34.0; 34.37; 35.03; 35.68; 36.9; 38.08; 39.38; 40.53; 41.73; 42.66; 43.57; 44.04; 44.71; 45.14; 45.48; 46.27; 47.87; 48.88; 49.8; 50.99; 52.22; 52.73; 53.17; 53.19; 53.35; 53.73; 53.91; 54.05; 54.45; 54.8; 56.1; 56.46; 56.62; 56.69; 57.68
02-60.2-30ms; PET; #00ff00; 0.0; 55.75; 55.82; 55.73; 55.67; 55.63; 55.82; 55.79; 55.81; 55.78; 55.77; 55.93; 56.01; 56.01; 56.09; 56.1; 56.3; 56.37; 56.46; 56.5; 56.5; 56.7; 56.84; 56.96; 57.13; 57.16; 57.3; 57.38; 57.53; 57.53; 57.69; 57.8; 57.84; 57.97; 57.86; 57.99; 58.01; 58.03; 57.98; 58.14; 58.07; 58.1; 58.07; 58.09; 58.04; 58.06; 58.0; 58.05; 57.88; 57.74; 57.67; 57.65; 57.57; 57.59; 57.49; 57.47; 57.35; 57.2; 57.06; 56.92; 56.89; 56.71; 56.71; 56.64; 56.44; 56.22; 56.04; 55.85; 55.74; 55.63; 55.48; 55.4; 55.28; 55.05; 54.95; 54.88; 54.89; 54.66; 54.6; 54.34; 54.26; 54.13; 53.96; 53.87; 53.86; 53.88; 53.83; 53.82; 53.74; 53.63; 53.51; 53.48; 53.48; 53.38; 53.28; 53.18; 53.14; 53.1; 53.03; 52.97; 52.93; 52.93; 52.85; 52.74; 52.72; 52.75; 52.73; 52.72; 52.63; 52.7; 52.65; 52.65; 52.64; 52.56; 52.7; 52.63; 52.54; 52.62; 52.62; 52.57; 52.55; 52.47; 52.43; 52.32; 52.28; 52.2; 52.3; 52.17; 52.05; 51.86; 51.87; 51.72; 51.46; 51.22; 50.98; 50.57; 50.12; 49.77; 49.14; 48.62; 48.18; 47.61; 47.41; 47.45; 47.65; 48.29; 48.96; 49.44; 50.06; 50.69; 51.08; 51.26; 51.44; 51.45; 51.46; 51.49; 51.39; 51.16; 51.09; 51.14; 51.06; 50.84; 50.77; 50.51; 50.49; 50.51; 50.46; 50.39; 50.12; 49.82; 49.69; 49.52; 49.42; 49.33; 49.12; 49.11; 49.07; 49.16; 49.15; 49.22; 49.22; 49.2; 49.31; 49.5; 49.39; 49.39; 49.43; 49.48; 49.56; 49.64; 49.77; 49.83; 49.94; 49.99; 50.24; 50.41; 50.58; 50.69; 50.78; 51.04; 51.12; 51.34; 51.52; 51.61; 51.64; 51.69; 51.94; 52.1; 52.03; 52.16; 52.18; 52.22; 52.25; 52.3; 52.27; 52.08; 52.19; 52.02; 52.29; 52.38; 52.31; 52.4; 52.35; 52.18; 52.05; 52.22; 52.11; 52.17; 52.21; 52.13; 52.15; 52.05; 51.95; 52.1; 52.06; 51.96; 51.86; 51.94; 51.86; 51.74; 51.72; 51.8; 51.56; 51.44; 51.42; 51.56; 51.33; 51.35; 51.42; 51.31; 51.47; 51.32; 51.32; 51.08; 51.01; 51.0; 51.03; 50.94; 50.79; 50.85; 50.7; 50.71; 50.66; 50.58; 50.7; 50.55; 50.39; 50.47; 50.46; 50.39; 50.43; 50.36; 50.33; 50.41; 50.23; 49.84; 49.78; 49.76; 49.62; 49.48; 49.27; 49.0; 48.68; 48.59; 48.23; 48.03; 47.9; 47.76; 47.48; 47.31; 46.82; 46.7; 46.6; 46.39; 46.55; 46.34; 46.21; 46.04; 45.89; 46.03; 45.85; 45.69; 45.45; 45.23; 45.23; 45.17; 45.18; 45.35; 45.31; 45.39; 45.01; 44.76; 44.56; 44.0; 43.95; 43.77; 43.59; 43.55; 43.6; 43.66; 43.55; 43.54; 43.46; 43.68; 43.78; 43.76; 43.91; 44.12; 44.37; 44.54; 44.8; 45.14; 45.08; 45.49; 45.73; 45.71; 45.96; 46.32; 46.34; 46.4; 46.42; 46.64; 46.86; 46.89; 46.99; 47.12; 47.17; 47.3; 47.33; 47.6; 47.52; 47.66; 47.78; 47.82; 48.1; 48.25; 48.63; 48.68; 48.8; 48.91; 48.78; 49.13; 49.14; 49.33; 49.65; 49.95; 49.89; 49.9; 50.15; 50.22; 50.33; 50.2; 50.07; 50.15; 50.42; 50.25; 50.57; 50.59; 50.57; 50.65; 50.69; 50.91; 50.75; 50.85; 51.01; 51.16; 51.08; 51.31; 51.57; 51.66; 51.66; 51.61; 51.67; 51.51; 51.54; 51.78; 51.67; 51.62; 51.49; 51.7; 51.83; 51.64; 51.75; 51.85; 51.78; 51.91; 51.82; 51.58; 51.61; 51.84; 51.53; 51.5; 51.59; 51.68; 51.48; 51.41; 51.74; 51.66; 51.7; 51.72; 51.61; 51.38; 51.34; 51.18; 51.22; 50.87; 50.75; 50.93; 50.95; 51.04; 50.91; 50.84; 50.67; 50.57; 50.23; 50.13; 50.11; 50.05; 49.73; 49.63; 49.35; 49.21; 49.45; 49.37; 49.13; 48.59; 47.85; 47.0; 46.63; 46.41; 46.48; 46.38; 46.34; 46.06; 45.8; 45.65; 45.22; 44.82; 44.31; 43.47; 42.47; 41.62; 40.22; 38.54; 36.73; 34.67; 32.98; 31.61; 30.36; 29.41; 28.31; 27.52; 26.81; 26.34; 26.08; 25.53; 25.52; 25.59; 25.41; 25.83; 26.17; 26.72; 27.5; 28.44; 29.6; 30.9; 31.3; 32.11; 32.81; 33.11; 33.56; 33.87; 34.16; 34.93; 35.72; 36.45; 37.57; 38.2; 38.82; 39.62; 40.31; 40.44; 40.58; 41.04; 39.93; 41.09; 41.59; 41.26; 41.59; 42.48; 42.84; 43.87; 44.06
21-60.2-30ms; PET; #00ff00; 0.0; 34.89; 34.97; 34.89; 35.01; 35.03; 35.22; 35.34; 35.44; 35.42; 35.59; 35.65; 35.77; 35.8; 35.87; 35.89; 35.93; 35.97; 36.06; 36.12; 36.21; 36.2; 36.31; 36.36; 36.47; 36.37; 36.46; 36.49; 36.55; 36.55; 36.55; 36.62; 36.59; 36.66; 36.64; 36.6; 36.63; 36.58; 36.5; 36.51; 36.53; 36.46; 36.48; 36.39; 36.37; 36.26; 36.31; 36.24; 36.21; 36.09; 35.95; 35.88; 35.76; 35.79; 35.68; 35.68; 35.58; 35.41; 35.35; 35.23; 35.14; 35.06; 34.95; 34.82; 34.8; 34.66; 34.6; 34.67; 34.58; 34.56; 34.55; 34.55; 34.49; 34.45; 34.48; 34.36; 34.27; 34.22; 34.21; 34.21; 34.2; 34.18; 34.15; 34.1; 34.05; 34.07; 34.01; 34.05; 34.07; 34.09; 34.1; 34.15; 34.1; 34.07; 34.04; 34.03; 34.02; 34.04; 34.0; 34.02; 33.95; 33.95; 33.97; 33.88; 33.95; 33.91; 33.91; 33.85; 33.86; 33.86; 33.87; 33.75; 33.77; 33.7; 33.73; 33.65; 33.64; 33.57; 33.58; 33.57; 33.52; 33.41; 33.4; 33.36; 33.28; 33.19; 33.05; 32.86; 32.7; 32.54; 32.42; 32.21; 32.05; 31.96; 31.77; 31.59; 31.31; 31.0; 30.65; 30.39; 30.08; 29.82; 29.53; 29.19; 29.02; 28.75; 28.55; 28.4; 28.18; 27.97; 27.91; 27.83; 27.63; 27.35; 27.2; 27.05; 26.9; 26.7; 26.44; 26.25; 26.0; 25.82; 25.64; 25.44; 25.35; 25.22; 25.12; 25.04; 24.93; 25.01; 24.97; 25.0; 25.01; 25.17; 25.47; 25.74; 25.97; 26.37; 26.74; 26.87; 27.07; 27.32; 27.46; 27.81; 27.98; 28.27; 28.45; 28.72; 28.98; 29.26; 29.49; 29.64; 29.91; 30.18; 30.41; 30.66; 30.79; 30.8; 30.88; 31.01; 31.03; 31.03; 31.14; 31.1; 31.18; 31.21; 31.3; 31.36; 31.28; 31.32; 31.41; 31.46; 31.45; 31.41; 31.42; 31.4; 31.5; 31.5; 31.52; 31.46; 31.48; 31.43; 31.41; 31.38; 31.38; 31.44; 31.3; 31.17; 31.18; 31.21; 31.15; 31.1; 31.12; 31.11; 31.02; 30.99; 30.9; 30.85; 30.92; 30.85; 30.78; 30.81; 30.75; 30.81; 30.68; 30.7; 30.65; 30.72; 30.58; 30.57; 30.49; 30.45; 30.39; 30.24; 30.2; 30.19; 30.12; 30.04; 29.87; 29.85; 29.67; 29.54; 29.43; 29.2; 28.97; 28.83; 28.58; 28.18; 27.76; 27.21; 26.65; 26.07; 25.44; 24.75; 24.15; 23.84; 23.48; 23.3; 23.27; 23.24; 23.11; 22.99; 22.8; 22.85; 22.72; 22.74; 22.69; 22.6; 22.34; 22.21; 22.05; 21.9; 21.77; 21.75; 21.83; 21.82; 21.78; 21.8; 21.87; 21.98; 22.07; 22.09; 21.99; 21.97; 21.94; 21.79; 21.88; 22.05; 22.12; 22.18; 22.15; 22.18; 22.4; 22.33; 22.46; 22.48; 22.39; 22.44; 22.43; 22.45; 22.41; 22.45; 22.34; 22.25; 22.29; 22.25; 22.36; 22.35; 22.39; 22.39; 22.45; 22.53; 22.63; 22.68; 22.85; 22.94; 22.88; 22.96; 23.05; 23.12; 23.27; 23.6; 23.76; 24.13; 24.44; 24.56; 24.67; 24.84; 24.86; 24.96; 25.01; 25.16; 25.13; 25.25; 25.34; 25.44; 25.47; 25.67; 25.54; 25.6; 25.78; 25.94; 25.99; 26.02; 26.02; 26.06; 26.24; 26.31; 26.39; 26.51; 26.52; 26.52; 26.57; 26.55; 26.59; 26.68; 26.7; 26.73; 26.82; 26.83; 26.8; 26.88; 26.84; 26.94; 27.05; 27.1; 27.13; 27.1; 27.1; 27.07; 27.06; 27.14; 27.27; 27.12; 27.14; 27.1; 27.11; 27.21; 27.16; 26.94; 26.95; 27.11; 27.06; 27.09; 27.03; 26.93; 26.91; 26.85; 26.85; 26.62; 26.61; 26.65; 26.67; 26.59; 26.54; 26.5; 26.35; 26.31; 26.16; 26.26; 26.11; 26.07; 25.93; 25.81; 25.92; 25.81; 25.64; 25.61; 25.56; 25.6; 25.35; 25.32; 25.16; 25.14; 25.06; 25.02; 24.92; 24.88; 24.71; 24.61; 24.48; 24.27; 24.3; 24.1; 24.08; 23.94; 23.74; 23.6; 23.37; 23.17; 22.95; 22.82; 22.6; 22.65; 22.47; 22.47; 22.5; 22.5; 22.4; 22.37; 22.32; 22.04; 21.96; 21.85; 21.71; 21.64; 21.6; 21.42; 21.34; 20.9; 20.66; 20.44; 20.12; 19.8; 19.72; 19.52; 19.34; 19.07; 19.03; 19.18; 19.19; 19.21; 19.17; 19.27; 19.6; 19.42; 19.8; 19.78; 19.85; 20.19; 20.22; 20.46; 20.81; 21.27; 21.66; 21.18; 21.7; 22.52; 22.54; 22.77; 23.32; 23.11; 23.89; 24.41; 23.83; 24.07; 25.0; 25.12; 25.55; 25.3; 25.68; 26.46; 27.1
21-60.2-40ms; Acrylglas; #000000; 0.0; 49.09; 49.15; 49.08; 49.24; 49.3; 49.56; 49.58; 49.66; 49.83; 49.95; 50.14; 50.26; 50.3; 50.44; 50.51; 50.55; 50.71; 50.81; 50.76; 50.88; 50.89; 51.01; 51.04; 51.17; 51.26; 51.32; 51.33; 51.34; 51.29; 51.36; 51.45; 51.36; 51.48; 51.51; 51.47; 51.38; 51.42; 51.3; 51.38; 51.32; 51.27; 51.32; 51.32; 51.18; 51.15; 51.02; 51.04; 50.86; 50.69; 50.61; 50.55; 50.35; 50.3; 50.22; 50.17; 50.01; 49.96; 49.77; 49.67; 49.49; 49.33; 49.21; 49.07; 49.0; 48.87; 48.74; 48.66; 48.63; 48.62; 48.61; 48.62; 48.59; 48.55; 48.54; 48.5; 48.31; 48.25; 48.26; 48.23; 48.14; 48.04; 48.0; 47.91; 47.87; 47.86; 47.8; 47.81; 47.8; 47.81; 47.86; 47.81; 47.74; 47.81; 47.83; 47.78; 47.74; 47.65; 47.65; 47.65; 47.65; 47.66; 47.66; 47.64; 47.64; 47.58; 47.59; 47.57; 47.53; 47.5; 47.5; 47.44; 47.42; 47.35; 47.33; 47.32; 47.19; 47.14; 46.99; 47.02; 46.97; 46.81; 46.79; 46.71; 46.68; 46.52; 46.32; 46.12; 45.93; 45.62; 45.46; 45.29; 45.18; 45.06; 44.76; 44.39; 43.94; 43.62; 43.1; 42.76; 42.41; 42.07; 41.69; 41.27; 41.01; 40.7; 40.39; 40.12; 39.85; 39.69; 39.56; 39.31; 39.07; 38.82; 38.59; 38.38; 38.12; 37.96; 37.64; 37.31; 37.0; 36.79; 36.6; 36.3; 36.16; 35.98; 35.94; 35.95; 35.86; 35.77; 35.62; 35.7; 35.71; 35.92; 36.21; 36.63; 37.12; 37.58; 37.94; 38.21; 38.6; 38.9; 39.18; 39.49; 39.7; 39.97; 40.35; 40.55; 40.88; 41.25; 41.58; 41.92; 42.3; 42.6; 42.88; 43.18; 43.32; 43.55; 43.61; 43.83; 43.96; 43.98; 43.99; 44.01; 44.03; 44.12; 44.21; 44.36; 44.3; 44.33; 44.23; 44.24; 44.37; 44.32; 44.27; 44.29; 44.43; 44.43; 44.43; 44.36; 44.47; 44.4; 44.27; 44.35; 44.24; 44.26; 44.31; 44.16; 44.03; 44.0; 43.92; 43.87; 43.79; 43.72; 43.71; 43.66; 43.64; 43.66; 43.68; 43.48; 43.43; 43.46; 43.42; 43.2; 43.18; 43.2; 43.08; 43.0; 42.94; 42.85; 42.8; 42.72; 42.63; 42.6; 42.44; 42.22; 42.19; 42.18; 41.98; 42.05; 41.91; 41.59; 41.3; 41.13; 40.77; 40.41; 40.03; 39.69; 39.22; 38.68; 37.88; 37.08; 36.3; 35.43; 34.66; 34.16; 33.68; 33.36; 33.2; 33.27; 33.11; 32.94; 32.8; 32.66; 32.54; 32.49; 32.4; 32.45; 32.12; 31.94; 31.63; 31.36; 31.31; 31.32; 31.27; 31.21; 31.3; 31.45; 31.37; 31.5; 31.66; 31.74; 31.62; 31.42; 31.39; 31.22; 31.33; 31.49; 31.59; 31.68; 31.72; 31.71; 31.72; 31.78; 31.97; 32.02; 31.99; 31.99; 32.05; 32.02; 31.97; 31.98; 31.93; 31.91; 31.82; 31.8; 31.91; 32.03; 32.08; 32.07; 32.07; 32.14; 32.38; 32.52; 32.58; 32.72; 32.81; 32.85; 32.89; 33.11; 33.26; 33.66; 34.0; 34.33; 34.71; 34.98; 35.08; 35.23; 35.47; 35.64; 35.3; 35.56; 35.76; 35.91; 36.13; 36.25; 36.3; 36.4; 36.49; 36.51; 36.5; 36.52; 36.69; 36.68; 36.7; 36.93; 37.01; 37.29; 37.36; 37.33; 37.36; 37.53; 37.55; 37.53; 37.6; 37.74; 37.83; 37.97; 37.9; 37.91; 38.0; 38.21; 38.07; 38.11; 38.08; 38.31; 38.18; 38.29; 38.37; 38.3; 38.34; 38.36; 38.59; 38.32; 38.32; 38.39; 38.42; 38.42; 38.47; 38.45; 38.37; 38.42; 38.33; 38.21; 38.19; 38.17; 37.96; 37.89; 37.91; 37.87; 37.72; 37.56; 37.53; 37.42; 37.29; 37.41; 37.22; 37.09; 37.09; 37.16; 37.18; 36.87; 36.95; 36.85; 36.68; 36.58; 36.56; 36.48; 36.28; 36.31; 36.23; 36.08; 35.82; 35.8; 35.78; 35.43; 35.28; 35.31; 35.21; 35.08; 34.93; 34.81; 34.54; 34.54; 34.28; 34.16; 33.92; 33.63; 33.39; 33.29; 32.99; 32.81; 32.39; 32.31; 32.16; 32.23; 32.43; 32.36; 32.14; 31.87; 31.99; 31.61; 31.21; 31.35; 31.39; 31.18; 31.04; 30.65; 30.58; 30.22; 29.7; 29.36; 28.97; 28.64; 28.26; 27.92; 27.69; 27.53; 27.21; 27.5; 27.54; 27.72; 27.94; 27.87; 28.1; 28.11; 28.37; 28.33; 28.56; 28.66; 28.74; 29.6; 29.54; 30.53; 30.4; 30.76; 31.18; 31.77; 32.11; 31.69; 32.25; 32.17; 33.16; 34.33; 33.78; 34.26; 34.98; 35.47; 35.17; 35.82; 35.95; 36.91; 37.1
